<environmentvariabledefinition schemaname="dsi_shared_sharepointonline_e9acb15a6aea4fa3b38526d8af4ead05">
  <apiid>/providers/microsoft.powerapps/apis/shared_sharepointonline</apiid>
  <defaultvalue>a986149e-1ece-4a02-8d58-fd1acc90975a</defaultvalue>
  <displayname default="PRS_VALIDATION_WF_GESTION-IDENTITE">
    <label description="PRS_VALIDATION_WF_GESTION-IDENTITE" languagecode="1036" />
  </displayname>
  <introducedversion>1.0.0.0</introducedversion>
  <iscustomizable>1</iscustomizable>
  <isrequired>0</isrequired>
  <parameterkey>table</parameterkey>
  <parentdefinitionid>
    <schemaname>dsi_Site_Gestion_Identites</schemaname>
  </parentdefinitionid>
  <secretstore>0</secretstore>
  <type>100000004</type>
</environmentvariabledefinition>