<environmentvariabledefinition schemaname="dsi_shared_sharepointonline_de38b113c2184fa2b0b5f687ad6e8494">
  <apiid>/providers/microsoft.powerapps/apis/shared_sharepointonline</apiid>
  <defaultvalue>PRS_REMPLACEMENT</defaultvalue>
  <displayname default="PRS_REMPLACEMENT_CI">
    <label description="PRS_REMPLACEMENT_CI" languagecode="1036" />
  </displayname>
  <introducedversion>1.0.0.0</introducedversion>
  <iscustomizable>1</iscustomizable>
  <isrequired>0</isrequired>
  <parameterkey>table</parameterkey>
  <parentdefinitionid>
    <schemaname>dsi_site_interets</schemaname>
  </parentdefinitionid>
  <secretstore>0</secretstore>
  <type>100000004</type>
</environmentvariabledefinition>