<environmentvariabledefinition schemaname="dsi_shared_sharepointonline_87f7f0b1acb3497b87c3b25e8ea9bafc">
  <apiid>/providers/microsoft.powerapps/apis/shared_sharepointonline</apiid>
  <defaultvalue>3f9cc75c-26f1-4ce5-afc4-6ff89e89ef3a</defaultvalue>
  <displayname default="PRS_Site_Permis">
    <label description="PRS_Site_Permis" languagecode="1036" />
  </displayname>
  <introducedversion>1.0.0.8</introducedversion>
  <iscustomizable>1</iscustomizable>
  <isrequired>0</isrequired>
  <parameterkey>table</parameterkey>
  <parentdefinitionid>
    <schemaname>dsi_Site_Gestion_Identites</schemaname>
  </parentdefinitionid>
  <secretstore>0</secretstore>
  <type>100000004</type>
</environmentvariabledefinition>