<environmentvariabledefinition schemaname="dsi_shared_sharepointonline_671c476eb596466390623ccd0d9a331f">
  <apiid>/providers/microsoft.powerapps/apis/shared_sharepointonline</apiid>
  <defaultvalue>b8b1a597-c2a2-4f2f-8e12-e7ba15696e2e</defaultvalue>
  <displayname default="GESTION DES IDENTITES">
    <label description="GESTION DES IDENTITES" languagecode="1036" />
  </displayname>
  <introducedversion>1.0.0.0</introducedversion>
  <iscustomizable>1</iscustomizable>
  <isrequired>0</isrequired>
  <parameterkey>table</parameterkey>
  <parentdefinitionid>
    <schemaname>dsi_Site_Gestion_Identites</schemaname>
  </parentdefinitionid>
  <secretstore>0</secretstore>
  <type>100000004</type>
</environmentvariabledefinition>