<environmentvariabledefinition schemaname="dsi_shared_sharepointonline_99c6c347d1c546e6bd5dcc673cd45cd4">
  <apiid>/providers/microsoft.powerapps/apis/shared_sharepointonline</apiid>
  <defaultvalue>2b4137c0-a987-43f9-b1ca-8dca170c25e9</defaultvalue>
  <displayname default="PRS_APPLICATIONS_VOULUES">
    <label description="PRS_APPLICATIONS_VOULUES" languagecode="1036" />
  </displayname>
  <introducedversion>1.0.0.0</introducedversion>
  <iscustomizable>1</iscustomizable>
  <isrequired>0</isrequired>
  <parameterkey>table</parameterkey>
  <parentdefinitionid>
    <schemaname>dsi_Site_Gestion_Identites</schemaname>
  </parentdefinitionid>
  <secretstore>0</secretstore>
  <type>100000004</type>
</environmentvariabledefinition>