<environmentvariabledefinition schemaname="dsi_shared_sharepointonline_9d9cd3b728da444ab60051f74d0713b2">
  <apiid>/providers/microsoft.powerapps/apis/shared_sharepointonline</apiid>
  <displayname default="PRS_WF_DOCUMENT">
    <label description="PRS_WF_DOCUMENT" languagecode="1036" />
  </displayname>
  <introducedversion>1.0.0.12</introducedversion>
  <iscustomizable>1</iscustomizable>
  <isrequired>0</isrequired>
  <parameterkey>table</parameterkey>
  <parentdefinitionid>
    <schemaname>dsi_SiteGestionIdentites</schemaname>
  </parentdefinitionid>
  <secretstore>0</secretstore>
  <type>100000004</type>
</environmentvariabledefinition>