<environmentvariabledefinition schemaname="dsi_shared_sharepointonline_fd4b65e799c84020ac78d10ef9bf9372">
  <apiid>/providers/microsoft.powerapps/apis/shared_sharepointonline</apiid>
  <defaultvalue>57ca4265-5c90-4eca-a75b-3a91e55bb21d</defaultvalue>
  <displayname default="PRS_APPLICATION_GESTION_IDENTITES">
    <label description="PRS_APPLICATION_GESTION_IDENTITES" languagecode="1036" />
  </displayname>
  <introducedversion>1.0.0.0</introducedversion>
  <iscustomizable>1</iscustomizable>
  <isrequired>0</isrequired>
  <parameterkey>table</parameterkey>
  <parentdefinitionid>
    <schemaname>dsi_Site_Gestion_Identites</schemaname>
  </parentdefinitionid>
  <secretstore>0</secretstore>
  <type>100000004</type>
</environmentvariabledefinition>