<environmentvariabledefinition schemaname="dsi_shared_sharepointonline_fc57c90e1c35490a81f5ccc28068f5a9">
  <apiid>/providers/microsoft.powerapps/apis/shared_sharepointonline</apiid>
  <defaultvalue>PRS_SITE_VALIDATEUR_WF</defaultvalue>
  <displayname default="PRS_SITE_VALIDATEUR_WF_CI">
    <label description="PRS_SITE_VALIDATEUR_WF_CI" languagecode="1036" />
  </displayname>
  <introducedversion>1.0.0.0</introducedversion>
  <iscustomizable>1</iscustomizable>
  <isrequired>0</isrequired>
  <parameterkey>table</parameterkey>
  <parentdefinitionid>
    <schemaname>dsi_site_interets</schemaname>
  </parentdefinitionid>
  <secretstore>0</secretstore>
  <type>100000004</type>
</environmentvariabledefinition>