<environmentvariabledefinition schemaname="dsi_shared_sharepointonline_78d8bede9be6446b8a9c36b6901b4b37">
  <apiid>/providers/microsoft.powerapps/apis/shared_sharepointonline</apiid>
  <defaultvalue>PRS_Responsables_RH</defaultvalue>
  <displayname default="PRS_Responsables_RH_CI">
    <label description="PRS_Responsables_RH_CI" languagecode="1036" />
  </displayname>
  <introducedversion>1.0.0.0</introducedversion>
  <iscustomizable>1</iscustomizable>
  <isrequired>0</isrequired>
  <parameterkey>table</parameterkey>
  <parentdefinitionid>
    <schemaname>dsi_site_interets</schemaname>
  </parentdefinitionid>
  <secretstore>0</secretstore>
  <type>100000004</type>
</environmentvariabledefinition>