<environmentvariabledefinition schemaname="dsi_shared_sharepointonline_c4336fb735ae48e5b0f86a5e6524945d">
  <apiid>/providers/microsoft.powerapps/apis/shared_sharepointonline</apiid>
  <displayname default="PRS_SITE_VALIDATEUR_WF">
    <label description="PRS_SITE_VALIDATEUR_WF" languagecode="1036" />
  </displayname>
  <introducedversion>1.0.0.12</introducedversion>
  <iscustomizable>1</iscustomizable>
  <isrequired>0</isrequired>
  <parameterkey>table</parameterkey>
  <parentdefinitionid>
    <schemaname>dsi_SiteGestionIdentites</schemaname>
  </parentdefinitionid>
  <secretstore>0</secretstore>
  <type>100000004</type>
</environmentvariabledefinition>