<environmentvariabledefinition schemaname="dsi_shared_sharepointonline_7bf73e0f52c642a5a2d433006c17b17e">
  <apiid>/providers/microsoft.powerapps/apis/shared_sharepointonline</apiid>
  <defaultvalue>4f5d74cc-c9a2-4b14-a2ef-304e75e8778d</defaultvalue>
  <displayname default="PRS_SOCIETE_GESTION_IDENTITE">
    <label description="PRS_SOCIETE_GESTION_IDENTITE" languagecode="1036" />
  </displayname>
  <introducedversion>1.0.0.0</introducedversion>
  <iscustomizable>1</iscustomizable>
  <isrequired>0</isrequired>
  <parameterkey>table</parameterkey>
  <parentdefinitionid>
    <schemaname>dsi_Site_Gestion_Identites</schemaname>
  </parentdefinitionid>
  <secretstore>0</secretstore>
  <type>100000004</type>
</environmentvariabledefinition>