<environmentvariabledefinition schemaname="dsi_shared_sharepointonline_11bb53a95a094a47bd597721759c2a1b">
  <apiid>/providers/microsoft.powerapps/apis/shared_sharepointonline</apiid>
  <defaultvalue>79c52c48-168f-4aaa-a4dc-e83b609614e3</defaultvalue>
  <displayname default="PRS_DIRECTION_BENEF">
    <label description="PRS_DIRECTION_BENEF" languagecode="1036" />
  </displayname>
  <introducedversion>1.0.0.0</introducedversion>
  <iscustomizable>1</iscustomizable>
  <isrequired>0</isrequired>
  <parameterkey>table</parameterkey>
  <parentdefinitionid>
    <schemaname>dsi_Site_Gestion_Identites</schemaname>
  </parentdefinitionid>
  <secretstore>0</secretstore>
  <type>100000004</type>
</environmentvariabledefinition>