<environmentvariabledefinition schemaname="dsi_shared_sharepointonline_6c4c485f5c2445cf8993d3fc50825dd9">
  <apiid>/providers/microsoft.powerapps/apis/shared_sharepointonline</apiid>
  <defaultvalue>PRS DIRECTION SECRETAIRE</defaultvalue>
  <displayname default="PRS DIRECTION SECRETAIRE">
    <label description="PRS DIRECTION SECRETAIRE" languagecode="1036" />
  </displayname>
  <introducedversion>1.0.0.4</introducedversion>
  <iscustomizable>1</iscustomizable>
  <isrequired>0</isrequired>
  <parameterkey>table</parameterkey>
  <parentdefinitionid>
    <schemaname>dsi_site_interets</schemaname>
  </parentdefinitionid>
  <secretstore>0</secretstore>
  <type>100000004</type>
</environmentvariabledefinition>