<environmentvariabledefinition schemaname="dsi_shared_sharepointonline_e9672a62ce3f4030b8f7c2c53f42207d">
  <apiid>/providers/microsoft.powerapps/apis/shared_sharepointonline</apiid>
  <defaultvalue>3d1c29bc-3331-4f26-ae8f-839982f2195b</defaultvalue>
  <displayname default="PRS_Direction_Service">
    <label description="PRS_Direction_Service" languagecode="1036" />
  </displayname>
  <introducedversion>1.0.0.0</introducedversion>
  <iscustomizable>1</iscustomizable>
  <isrequired>0</isrequired>
  <parameterkey>table</parameterkey>
  <parentdefinitionid>
    <schemaname>dsi_Site_Gestion_Identites</schemaname>
  </parentdefinitionid>
  <secretstore>0</secretstore>
  <type>100000004</type>
</environmentvariabledefinition>