<environmentvariabledefinition schemaname="dsi_shared_sharepointonline_045eb06804ea40889a7fe1957af13e19">
  <apiid>/providers/microsoft.powerapps/apis/shared_sharepointonline</apiid>
  <defaultvalue>1d4d76d0-44c1-40b0-a489-c15336d2c876</defaultvalue>
  <displayname default="PRS_WF_PJ">
    <label description="PRS_WF_PJ" languagecode="1036" />
  </displayname>
  <introducedversion>1.0.0.0</introducedversion>
  <iscustomizable>1</iscustomizable>
  <isrequired>0</isrequired>
  <parameterkey>table</parameterkey>
  <parentdefinitionid>
    <schemaname>dsi_Site_Gestion_Identites</schemaname>
  </parentdefinitionid>
  <secretstore>0</secretstore>
  <type>100000004</type>
</environmentvariabledefinition>