{"properties":{"connectionReferences":{"shared_sharepointonline":{"runtimeSource":"embedded","connection":{},"api":{"name":"shared_sharepointonline"}},"shared_onedriveforbusiness":{"runtimeSource":"embedded","connection":{},"api":{"name":"shared_onedriveforbusiness"}},"shared_wordonlinebusiness":{"runtimeSource":"embedded","connection":{},"api":{"name":"shared_wordonlinebusiness"}},"shared_office365":{"runtimeSource":"embedded","connection":{},"api":{"name":"shared_office365"}},"shared_sharepointonline_1":{"runtimeSource":"embedded","connection":{},"api":{"name":"shared_sharepointonline"}}},"definition":{"$schema":"https://schema.management.azure.com/providers/Microsoft.Logic/schemas/2016-06-01/workflowdefinition.json#","contentVersion":"1.0.0.0","parameters":{"$connections":{"defaultValue":{},"type":"Object"},"$authentication":{"defaultValue":{},"type":"SecureObject"}},"triggers":{"When_an_item_is_created":{"recurrence":{"frequency":"Minute","interval":1},"splitOn":"@triggerOutputs()?['body/value']","metadata":{"operationMetadataId":"a6efbe5a-1ebf-4f29-90c5-436699a46516"},"type":"OpenApiConnection","inputs":{"host":{"apiId":"/providers/Microsoft.PowerApps/apis/shared_sharepointonline","connectionName":"shared_sharepointonline","operationId":"GetOnNewItems"},"parameters":{"dataset":"https://sibracacam.sharepoint.com/sites/test.intranet.sabc/test_dev","table":"84cf9132-99b5-4e95-b0c9-4b0ea7fcb32e"},"authentication":"@parameters('$authentication')"}}},"actions":{"Get_file_content_using_path":{"runAfter":{"Apply_to_each_2":["Succeeded","Failed","Skipped"]},"metadata":{"operationMetadataId":"ac230caf-e2f4-41b4-8454-88a31ba35315"},"type":"OpenApiConnection","inputs":{"host":{"apiId":"/providers/Microsoft.PowerApps/apis/shared_sharepointonline","connectionName":"shared_sharepointonline","operationId":"GetFileContentByPath"},"parameters":{"dataset":"https://sibracacam.sharepoint.com/sites/test.intranet.sabc/test_dev","path":"/PRS_WF_DOCUMENT/TEMPLATE/templateGestionIdentite.docx","inferContentType":true},"authentication":"@parameters('$authentication')"}},"Get_item":{"runAfter":{"Get_file_content_using_path":["Succeeded"]},"metadata":{"operationMetadataId":"7b26bed6-a094-4629-9c76-7983585fe274"},"type":"OpenApiConnection","inputs":{"host":{"apiId":"/providers/Microsoft.PowerApps/apis/shared_sharepointonline","connectionName":"shared_sharepointonline","operationId":"GetItem"},"parameters":{"dataset":"https://sibracacam.sharepoint.com/sites/test.intranet.sabc/test_dev","table":"b8b1a597-c2a2-4f2f-8e12-e7ba15696e2e","id":"@int(triggerOutputs()?['body/iddemande'])"},"authentication":"@parameters('$authentication')"}},"Get_items":{"runAfter":{"Définir_une_variable_niveau_ACCES_INTRANET":["Succeeded"]},"metadata":{"operationMetadataId":"a9f09b49-00ea-4132-97c6-4d3d1960dd6b"},"type":"OpenApiConnection","inputs":{"host":{"apiId":"/providers/Microsoft.PowerApps/apis/shared_sharepointonline","connectionName":"shared_sharepointonline","operationId":"GetItems"},"parameters":{"dataset":"https://sibracacam.sharepoint.com/sites/test.intranet.sabc/test_dev","table":"a986149e-1ece-4a02-8d58-fd1acc90975a","$filter":"codewf eq 'WF_GESTION_IDENTITE' and refdemande eq '@{outputs('Get_item')?['body/Title']}' and ordre eq '@{outputs('Get_item')?['body/currentVal']}'"},"authentication":"@parameters('$authentication')"}},"varValidateurs":{"runAfter":{},"metadata":{"operationMetadataId":"7d239867-f2a5-4af2-997c-bfcfcbfa3794"},"type":"InitializeVariable","inputs":{"variables":[{"name":"varValidateurs","type":"array"}]}},"Create_file":{"runAfter":{"Populate_a_Microsoft_Word_template":["Succeeded"]},"metadata":{"operationMetadataId":"b467e8b6-faae-4ac2-a435-947878b59276"},"type":"OpenApiConnection","inputs":{"host":{"apiId":"/providers/Microsoft.PowerApps/apis/shared_onedriveforbusiness","connectionName":"shared_onedriveforbusiness","operationId":"CreateFile"},"parameters":{"folderPath":"/ExportExcelPowerApp","name":"@{utcNow()}.docx","body":"@outputs('Populate_a_Microsoft_Word_template')?['body']"},"authentication":"@parameters('$authentication')"},"runtimeConfiguration":{"contentTransfer":{"transferMode":"Chunked"}}},"Apply_to_each":{"foreach":"@outputs('Get_items')?['body/value']","actions":{"Append_to_array_variable_2":{"runAfter":{},"metadata":{"operationMetadataId":"81b9c9d6-1c71-4735-96c0-503e43c40e86"},"type":"AppendToArrayVariable","inputs":{"name":"varValidateurs","value":{"fonctionval":"@items('Apply_to_each')?['validateurfinal/JobTitle']","decisionval":"@items('Apply_to_each')?['decision']","nomval":"@items('Apply_to_each')?['validateurfinal/DisplayName']","remarqueval":"@items('Apply_to_each')?['remarque']"}}}},"runAfter":{"Get_items":["Succeeded"]},"metadata":{"operationMetadataId":"934c79ed-6011-421b-b23f-c327c224c1cc"},"type":"Foreach"},"Initialize_variable":{"runAfter":{"var_Role":["Succeeded"]},"metadata":{"operationMetadataId":"47b777d9-3e80-4355-adb1-782027440e19"},"type":"InitializeVariable","inputs":{"variables":[{"name":"varPass","type":"boolean","value":false}]}},"varidfiletemplate":{"runAfter":{"Initialiser_la_variable":["Succeeded"]},"metadata":{"operationMetadataId":"aa8c4e24-75bd-40b8-9dd0-e1651c5ed330"},"type":"InitializeVariable","inputs":{"variables":[{"name":"varidfiletemplate","type":"string"}]}},"Convert_file":{"runAfter":{"Create_file":["Succeeded"]},"metadata":{"operationMetadataId":"ffc62c98-6276-4726-b7a4-4b87e08fd943"},"type":"OpenApiConnection","inputs":{"host":{"apiId":"/providers/Microsoft.PowerApps/apis/shared_onedriveforbusiness","connectionName":"shared_onedriveforbusiness","operationId":"ConvertFile"},"parameters":{"id":"@outputs('Create_file')?['body/Id']","type":"PDF"},"authentication":"@parameters('$authentication')"}},"List_files_in_folder":{"runAfter":{"varidfiletemplate":["Succeeded"]},"metadata":{"b!G4_ZiTADPEO5k9rceF9JqeeSNkLA-_NOlLIqpg9XbEQZYH-ad_pvSaiS8JGDCV5E.01YS3DKG7EEYTMUHQYBBEJNZMSEUGLMMWX":"/ExportExcelPowerApp","operationMetadataId":"6ff3a7b6-d782-49e0-98d1-e92acdb5a82f"},"type":"OpenApiConnection","inputs":{"host":{"apiId":"/providers/Microsoft.PowerApps/apis/shared_onedriveforbusiness","connectionName":"shared_onedriveforbusiness","operationId":"ListFolderV2"},"parameters":{"id":"b!G4_ZiTADPEO5k9rceF9JqeeSNkLA-_NOlLIqpg9XbEQZYH-ad_pvSaiS8JGDCV5E.01YS3DKG7EEYTMUHQYBBEJNZMSEUGLMMWX"},"authentication":"@parameters('$authentication')"}},"Apply_to_each_2":{"foreach":"@outputs('List_files_in_folder')?['body/value']","actions":{"Delete_file_2":{"runAfter":{},"metadata":{"operationMetadataId":"f4d4177a-2380-4462-99d6-bf0ff28c2005"},"type":"OpenApiConnection","inputs":{"host":{"apiId":"/providers/Microsoft.PowerApps/apis/shared_onedriveforbusiness","connectionName":"shared_onedriveforbusiness","operationId":"DeleteFile"},"parameters":{"id":"@items('Apply_to_each_2')?['Id']"},"authentication":"@parameters('$authentication')"}}},"runAfter":{"List_files_in_folder":["Succeeded"]},"metadata":{"operationMetadataId":"63686a6c-4cf9-474c-b256-b7eb54640f7d"},"type":"Foreach"},"Update_item":{"runAfter":{"Send_an_email_(V2)":["Succeeded"]},"metadata":{"operationMetadataId":"5ef1b58f-fd32-4d72-9032-4b18aff2cd87"},"type":"OpenApiConnection","inputs":{"host":{"apiId":"/providers/Microsoft.PowerApps/apis/shared_sharepointonline","connectionName":"shared_sharepointonline","operationId":"PatchItem"},"parameters":{"dataset":"https://sibracacam.sharepoint.com/sites/test.intranet.sabc/test_dev","table":"84cf9132-99b5-4e95-b0c9-4b0ea7fcb32e","id":"@triggerOutputs()?['body/ID']","item/Title":"@triggerOutputs()?['body/Title']","item/wfname":"@triggerOutputs()?['body/wfname']","item/refdemande":"@triggerOutputs()?['body/refdemande']","item/iddemande":"@triggerOutputs()?['body/iddemande']","item/maildestinataire":"@triggerOutputs()?['body/maildestinataire']","item/datetraitement":"@utcNow()"},"authentication":"@parameters('$authentication')"}},"Populate_a_Microsoft_Word_template":{"runAfter":{"Apply_to_each":["Succeeded"]},"metadata":{"01YS3DKG4MJGSWZ2TVIBALGJ4Q3U65TLWE":"/ExportExcelPowerApp/Engagement_personnel_permanent.docx","01YS3DKGZAT7SEJSHDYVGLOGHWOKX3H6ZU":"/ExportExcelPowerApp/Engagement_personnel_permanent.docx","01YS3DKGZWHPX33OKAORA2QPVY6PZHZB3Q":"/ExportExcelPowerApp/Engagement_personnel_permanent.docx","01YS3DKG6MXYLWBG7AEFHY5VHK5HOAFEJU":"/ExportExcelPowerApp/Engagement_personnel_permanent.docx","01FEL7E2TAHWYC6LZM6VEJET52GMWWSROH":"/General/Engagement_personnel_permanent.docx","01FEL7E2UOM2OKPSCVCNAZTSVCODWB5L5U":"/General/Engagement_personnel_permanent.docx","operationMetadataId":"b6ec1e08-eecd-4b5f-80a1-8b0172a544de"},"type":"OpenApiConnection","inputs":{"host":{"apiId":"/providers/Microsoft.PowerApps/apis/shared_wordonlinebusiness","connectionName":"shared_wordonlinebusiness","operationId":"CreateFileItem"},"parameters":{"source":"groups/6fcc5136-761d-4921-8e5f-adbadff8961c","drive":"b!XED5Eo5FHUeJkVGAVqcJHpb0zTiZnZBPgNk00jMHRd-jO6NR1YgJSrwYfzbKv675","file":"/General/Gestion_Identites.docx","dynamicFileSchema/93752878":"@outputs('Get_item')?['body/droits_Optimaint']","dynamicFileSchema/203766988":"@outputs('Get_item')?['body/Demandeur/DisplayName']","dynamicFileSchema/260029720":"@outputs('Get_item')?['body/Fonction_roles_Optimaint']","dynamicFileSchema/379753148":"@outputs('Get_item')?['body/Ancien_site_de_ratachement_2']","dynamicFileSchema/488455952":"@outputs('Get_item')?['body/Profil_Jumeau_M30']","dynamicFileSchema/647634410":"@outputs('Get_item')?['body/Utilisateur_Jumeau_Optimain/DisplayName']","dynamicFileSchema/709532920":"@outputs('Get_item')?['body/optimaint']","dynamicFileSchema/848212491":"@outputs('Get_item')?['body/Demandeur/Department']","dynamicFileSchema/848526747":"@outputs('Get_item')?['body/action']","dynamicFileSchema/1145397768":"@variables('PJ_Autre')","dynamicFileSchema/1174769959":"@outputs('Get_item')?['body/date_dactivation']","dynamicFileSchema/1292324827":"@variables('varApplication')","dynamicFileSchema/1310977884":"@outputs('Get_item')?['body/actionOptimaint_']","dynamicFileSchema/1535230698":"@outputs('Get_item')?['body/d_x00e9_pots_M3']","dynamicFileSchema/1674442357":"@outputs('Get_item')?['body/sexe']","dynamicFileSchema/1683158468":"@outputs('Get_item')?['body/Droit_ARH']","dynamicFileSchema/1748993043":"@outputs('Get_item')?['body/Site_Amplitude_RH']","dynamicFileSchema/1753237100":"@outputs('Get_item')?['body/Profils_jumeau_M3']","dynamicFileSchema/1753780381":"@outputs('Get_item')?['body/Superieur_Hierachique/DisplayName']","dynamicFileSchema/1791168421":"@variables('NiveauAccesExtranet')","dynamicFileSchema/1804279272":"@variables('varRole')","dynamicFileSchema/1898698602":"@outputs('Get_item')?['body/type_personnel_1/Value']","dynamicFileSchema/2023584766":"@outputs('Get_item')?['body/fonction']","dynamicFileSchema/-256823505":"@formatDateTime(utcNow(),'dd/MM/yyyy hh:mm tt')","dynamicFileSchema/-1286276360":"@outputs('Get_item')?['body/ID']","dynamicFileSchema/-8761223":"@outputs('Get_item')?['body/Demandeur/JobTitle']","dynamicFileSchema/-951160800":"@outputs('Get_item')?['body/motifs/Value']","dynamicFileSchema/-330751899":"@variables('NiveauAccesIntranet')","dynamicFileSchema/-656227359":"@outputs('Get_item')?['body/recherche_du_profil_2/DisplayName']","dynamicFileSchema/-1427188696":"@outputs('Get_item')?['body/statut']","dynamicFileSchema/-2071728400":"@outputs('Get_item')?['body/Profils_jumeau_M3/DisplayName']","dynamicFileSchema/-2121439828":"@outputs('Get_item')?['body/nom_x0028_s_x0029__et_pr_x00e9_n']","dynamicFileSchema/-1198468997":"@outputs('Get_item')?['body/n_x00b0__parc_imprimante_OPTIMAI']","dynamicFileSchema/-196165645":"@outputs('Get_item')?['body/statut_1']","dynamicFileSchema/-2114591479":"@outputs('Get_item')?['body/matricule']","dynamicFileSchema/-876547604":"@outputs('Get_item')?['body/d_x00e9_pots_Optimaint0']","dynamicFileSchema/-189917143":"@outputs('Get_item')?['body/nouveau_site_de_ratachement_2']","dynamicFileSchema/-1669314483":"@outputs('Get_item')?['body/direction_Nouveau_Site_R']","dynamicFileSchema/-860350875":"@outputs('Get_item')?['body/Profil_Jumeau_Optimain']","dynamicFileSchema/-199709922":"@outputs('Get_item')?['body/Ancien_site_de_ratachement_2']","dynamicFileSchema/-219984752":"@outputs('Get_item')?['body/date_de_d_x00e9_sativation']","dynamicFileSchema/-707106549":"@outputs('Get_item')?['body/Societe_Amplitude_RH']","dynamicFileSchema/-327979049":"@outputs('Get_item')?['body/Profil_jumeau_ARH/DisplayName']","dynamicFileSchema/-465736089":"@variables('varValidateurs')"},"authentication":"@parameters('$authentication')"}},"Send_an_email_(V2)":{"runAfter":{"Convert_file":["Succeeded"]},"metadata":{"operationMetadataId":"cf843428-bab7-4cd9-92b9-ae5ed9186cd6"},"type":"OpenApiConnection","inputs":{"host":{"apiId":"/providers/Microsoft.PowerApps/apis/shared_office365","connectionName":"shared_office365","operationId":"SendEmailV2"},"parameters":{"emailMessage/To":"@triggerOutputs()?['body/maildestinataire']","emailMessage/Subject":"Gestion des Identités N°@{outputs('Get_item')?['body/ID']}","emailMessage/Body":"<p><span style=\"font-family: arial\">Bonjour  </span><span style=\"font-family: arial\"></span><span style=\"font-family: arial\">,<br>\n<br>\nLa fiche d’identité  &nbsp;</span><span style=\"font-family: arial\"></span><span style=\"font-family: arial\"> N° </span><span style=\"font-family: arial\">@{outputs('Get_item')?['body/ID']}</span><span style=\"font-family: arial\">&nbsp soumise par </span><span style=\"font-family: arial\">@{outputs('Get_item')?['body/Demandeur/DisplayName']}</span><span style=\"font-family: arial\">   a été validée, &nbsp bien vouloir cliquer sur le lien ci-dessous pour visualiser le détail de la demande et procéder à son traitement.</span><span style=\"font-family: arial\"><br>\n<br>\n</span><a href=\"@{outputs('Get_item')?['body/lienUrl']}\"><span style=\"font-family: arial\">Cliquez ici pour revoir la demande</span></a><span style=\"font-family: arial\"> <br>\nCordialement.</span><br>\n</p>","emailMessage/Attachments":[{"Name":"@outputs('Convert_file')?['headers/x-ms-file-name']","ContentBytes":"@outputs('Convert_file')?['body']"}]},"authentication":"@parameters('$authentication')"}},"Initialiser_la_APPLICATIONS":{"runAfter":{"Niveau_acces_Extranet":["Succeeded"]},"metadata":{"operationMetadataId":"7c9c182a-c3f3-4736-a99b-33afd5252d59"},"type":"InitializeVariable","inputs":{"variables":[{"name":"varApplication","type":"boolean"}]}},"var_Role":{"runAfter":{"varValidateurs":["Succeeded"]},"metadata":{"operationMetadataId":"d5a116d1-1415-4e51-bdde-b3895ce71ff0"},"type":"InitializeVariable","inputs":{"variables":[{"name":"varRole","type":"string"}]}},"Obtenir_les_éléments_PRS_APLLICATION_VOULU":{"runAfter":{"Get_item":["Succeeded"]},"metadata":{"operationMetadataId":"63db2385-b1bf-4850-a34e-3f53a94ad9d1"},"type":"OpenApiConnection","inputs":{"host":{"apiId":"/providers/Microsoft.PowerApps/apis/shared_sharepointonline","connectionName":"shared_sharepointonline_1","operationId":"GetItems"},"parameters":{"dataset":"https://sibracacam.sharepoint.com/sites/test.intranet.sabc/test_dev","table":"PRS_APPLICATIONS_VOULUES","$filter":"Title eq'@{outputs('Get_item')?['body/refdemande']}' "},"authentication":"@parameters('$authentication')"}},"Appliquer_à_chacun_Roles":{"foreach":"@outputs('Obtenir_les_éléments_PRS_APLLICATION_VOULU')?['body/value']","actions":{"Définir_une_variable":{"runAfter":{},"metadata":{"operationMetadataId":"d67c3bf6-febe-44b2-98eb-cdfe6677294b"},"type":"SetVariable","inputs":{"name":"varRole","value":"@items('Appliquer_à_chacun_Roles')?['roles']"}}},"runAfter":{"Obtenir_les_éléments_PRS_APLLICATION_VOULU":["Succeeded"]},"metadata":{"operationMetadataId":"943152fe-e90d-496a-8158-8d19b52945dd"},"type":"Foreach"},"Appliquer_à_chacun__APPLICATIONS":{"foreach":"@outputs('Obtenir_les_éléments_PRS_APLLICATION_VOULU')?['body/value']","actions":{"Définir_une_variable_2":{"runAfter":{},"metadata":{"operationMetadataId":"a9587d47-d11a-4747-8f81-ae6fc0692631"},"type":"SetVariable","inputs":{"name":"varApplication","value":"@items('Appliquer_à_chacun__APPLICATIONS')?['Applications']"}}},"runAfter":{"Appliquer_à_chacun_Roles":["Succeeded"]},"metadata":{"operationMetadataId":"56bdbeff-4919-47ae-a4fc-5d001c14b655"},"type":"Foreach"},"Initialiser_la_variable":{"runAfter":{"Initialiser_la_APPLICATIONS":["Succeeded"]},"metadata":{"operationMetadataId":"f5c96c64-5bad-4b6e-9d56-ddcc77c79115"},"type":"InitializeVariable","inputs":{"variables":[{"name":"PJ_Autre","type":"string"}]}},"Appliquer_à_chacun_PROFIL_JUMEAUX":{"foreach":"@outputs('Obtenir_les_éléments_PRS_APLLICATION_VOULU')?['body/value']","actions":{"Définir_une_variable_3":{"runAfter":{},"metadata":{"operationMetadataId":"ede0f1f3-e23d-49a9-8187-2a3af945114c"},"type":"SetVariable","inputs":{"name":"PJ_Autre","value":"@items('Appliquer_à_chacun_PROFIL_JUMEAUX')?['profils_jumeau']"}}},"runAfter":{"Appliquer_à_chacun__APPLICATIONS":["Succeeded"]},"metadata":{"operationMetadataId":"0740d21f-4fb6-4032-b5d8-7cae5e4c151e"},"type":"Foreach"},"Niveau_acces_intranet":{"runAfter":{"Initialize_variable":["Succeeded"]},"metadata":{"operationMetadataId":"02b0beff-3cb0-41fc-89b5-44e5fd908a8d"},"type":"InitializeVariable","inputs":{"variables":[{"name":"NiveauAccesIntranet","type":"string"}]}},"Niveau_acces_Extranet":{"runAfter":{"Niveau_acces_intranet":["Succeeded"]},"metadata":{"operationMetadataId":"e1a6caf1-6aaa-4b03-95ef-d74485f61cd5"},"type":"InitializeVariable","inputs":{"variables":[{"name":"NiveauAccesExtranet","type":"string"}]}},"Appliquer_à_chacun_niveau_ACCES_INTERNET":{"foreach":"@outputs('Get_item')?['body/niveau_dhabilitation_internet_Ac']","actions":{"Définir_une_variable_4":{"runAfter":{},"metadata":{"operationMetadataId":"3efe6d9d-6762-48ad-a923-7a5a40b00963"},"type":"SetVariable","inputs":{"name":"NiveauAccesIntranet","value":"@items('Appliquer_à_chacun_niveau_ACCES_INTERNET')?['Value']"}}},"runAfter":{"Appliquer_à_chacun_PROFIL_JUMEAUX":["Succeeded"]},"metadata":{"operationMetadataId":"377a9490-ccf4-4b58-be07-9a238cd6ecb4"},"type":"Foreach"},"Définir_une_variable_niveau_ACCES_INTRANET":{"runAfter":{"Appliquer_à_chacun_niveau_ACCES_INTERNET":["Succeeded"]},"metadata":{"operationMetadataId":"7cc4586c-aa5f-42d1-a36c-17970994366b"},"type":"SetVariable","inputs":{"name":"NiveauAccesExtranet","value":"@outputs('Get_item')?['body/niveau_dacc_x00e8_s_internet_Acc/Value']"}}}}},"schemaVersion":"1.0.0.0"}