{"properties":{"connectionReferences":{"shared_sharepointonline_1":{"runtimeSource":"embedded","connection":{},"api":{"name":"shared_sharepointonline"}},"shared_approvals_1":{"runtimeSource":"embedded","connection":{},"api":{"name":"shared_approvals"}},"shared_office365_1":{"runtimeSource":"embedded","connection":{},"api":{"name":"shared_office365"}},"shared_sharepointonline":{"runtimeSource":"embedded","connection":{},"api":{"name":"shared_sharepointonline"}}},"definition":{"$schema":"https://schema.management.azure.com/providers/Microsoft.Logic/schemas/2016-06-01/workflowdefinition.json#","contentVersion":"1.0.0.0","parameters":{"$connections":{"defaultValue":{},"type":"Object"},"$authentication":{"defaultValue":{},"type":"SecureObject"}},"triggers":{"Lorsqu’un_élément_est_créé_ou_modifié":{"recurrence":{"frequency":"Minute","interval":1},"splitOn":"@triggerOutputs()?['body/value']","metadata":{"operationMetadataId":"0b600f06-d43f-4024-adca-325ea61e2b36"},"type":"OpenApiConnection","inputs":{"host":{"apiId":"/providers/Microsoft.PowerApps/apis/shared_sharepointonline","connectionName":"shared_sharepointonline","operationId":"GetOnUpdatedItems"},"parameters":{"dataset":"https://sibracacam.sharepoint.com/sites/test.intranet.sabc/test_dev","table":"b8b1a597-c2a2-4f2f-8e12-e7ba15696e2e"},"authentication":"@parameters('$authentication')"}}},"actions":{"Initialiser_VarNiveauVal":{"runAfter":{},"metadata":{"operationMetadataId":"73e5315e-cbda-4028-85fb-b2e7b85362d5"},"type":"InitializeVariable","inputs":{"variables":[{"name":"VarNiveauVal","type":"float","value":"@triggerOutputs()?['body/currentVal']"}]}},"Initialiser_la_variable":{"runAfter":{"Initialiser_VarNiveauVal":["Succeeded"]},"metadata":{"operationMetadataId":"6adb0725-2aa8-4777-96a7-8188bca4988d"},"type":"InitializeVariable","inputs":{"variables":[{"name":"varformailremplacant","type":"string"}]}},"Initialiser_la_variable_2":{"runAfter":{"Initialiser_la_variable":["Succeeded"]},"metadata":{"operationMetadataId":"b040775e-91dd-40c7-b796-2aa5ff3c84fb"},"type":"InitializeVariable","inputs":{"variables":[{"name":"emailVal","type":"string","value":"@triggerOutputs()?['body/Validateur_Courant/Email']"}]}},"Initialiser_Nom_PrenomProfil":{"runAfter":{"Initialiser_la_variable_2":["Succeeded"]},"metadata":{"operationMetadataId":"723caa5e-6adb-49af-a6cc-54de61740be3"},"type":"InitializeVariable","inputs":{"variables":[{"name":"Nom_PrenomProfil","type":"string","value":"@triggerOutputs()?['body/nom_x0028_s_x0029__et_pr_x00e9_n']"}]}},"Initialiser_MotifsProfil":{"runAfter":{"Initialiser_Nom_PrenomProfil":["Succeeded"]},"metadata":{"operationMetadataId":"aa02f9eb-92e0-4250-aede-c480675573b2"},"type":"InitializeVariable","inputs":{"variables":[{"name":"MotifsProfil","type":"string","value":"@triggerOutputs()?['body/motifs/Value']"}]}},"Initialiser_StatutProfil":{"runAfter":{"Initialiser_MotifsProfil":["Succeeded"]},"metadata":{"operationMetadataId":"197aee18-d556-4c13-a78a-42fef15b3e34"},"type":"InitializeVariable","inputs":{"variables":[{"name":"StatutProfil","type":"string","value":"@triggerOutputs()?['body/statut_1']"}]}},"InitialiserType_PersonneProfil":{"runAfter":{"Initialiser_StatutProfil":["Succeeded"]},"metadata":{"operationMetadataId":"6f4814cd-34cf-46e3-a6e0-00c5605af20c"},"type":"InitializeVariable","inputs":{"variables":[{"name":"Type_PersonneProfil","type":"string","value":"@triggerOutputs()?['body/type_personnel_1/Value']"}]}},"Initialiser_ProfilProfil":{"runAfter":{"InitialiserType_PersonneProfil":["Succeeded"]},"metadata":{"operationMetadataId":"bb18a139-b41e-4278-854f-22e86aa95d9d"},"type":"InitializeVariable","inputs":{"variables":[{"name":"ProfilProfil","type":"string","value":"@triggerOutputs()?['body/statut']"}]}},"Initialiser_la_variable_FonctionProfil":{"runAfter":{"Initialiser_ProfilProfil":["Succeeded"]},"metadata":{"operationMetadataId":"a81089c3-3650-4731-b1db-a9f84d46c4ea"},"type":"InitializeVariable","inputs":{"variables":[{"name":"VarFonctionProfil","type":"string","value":"@triggerOutputs()?['body/fonction']"}]}},"Initialiser_la_variable_11":{"runAfter":{"Initialiser_la_variable_FonctionProfil":["Succeeded"]},"metadata":{"operationMetadataId":"8d51e6d4-0bc6-4f75-97ae-5af7f3bbb949"},"type":"InitializeVariable","inputs":{"variables":[{"name":"VarRechercheprofil","type":"string","value":"@triggerOutputs()?['body/recherche_du_profil_2/DisplayName']"}]}},"Initialiser_la_variable_varParametreprofil":{"runAfter":{"Initialiser_la_variable_11":["Succeeded"]},"metadata":{"operationMetadataId":"64d2527f-d958-4314-b470-1d9b7a3fbdf8"},"type":"InitializeVariable","inputs":{"variables":[{"name":"varParametreprofil","type":"string","value":"### PARAMETRE DU PROFIL\n- Motifs: @{variables('MotifsProfil')}\n- Nom  et prenom: @{variables('Nom_PrenomProfil')} \n- Fonction: @{variables('VarFonctionProfil')}\n- Type Personnel: @{variables('Type_PersonneProfil')}\n- Statut: @{variables('StatutProfil')}\n- Recherche de nom: @{variables('VarRechercheprofil')}\n- Profil: @{variables('ProfilProfil')}\n\n"}]}},"Initialiser_la_variable_VarProfilJumeauNom1M3":{"runAfter":{"Initialiser_la_variable_varParametreprofil":["Succeeded"]},"metadata":{"operationMetadataId":"b9b5ddc9-21bd-4fcf-bcb8-7ec178af013d"},"type":"InitializeVariable","inputs":{"variables":[{"name":"VarUtilisateurprofilM3","type":"string","value":"@triggerOutputs()?['body/Profils_jumeau_M3/DisplayName']"}]}},"Initialiser_la_variable_ProfilJumeauM3":{"runAfter":{"Initialiser_la_variable_VarProfilJumeauNom1M3":["Succeeded"]},"metadata":{"operationMetadataId":"5cba4a46-a39a-47c1-b822-b4e6b5634b64"},"type":"InitializeVariable","inputs":{"variables":[{"name":"ProfilJumeauM3","type":"string","value":"@triggerOutputs()?['body/Profil_Jumeau_M30']"}]}},"Initialiser_la_variable_3":{"runAfter":{"Initialiser_la_variable_ProfilJumeauM3":["Succeeded"]},"metadata":{"operationMetadataId":"0b732c94-25fc-4df3-98b0-4db4494d8b4b"},"type":"InitializeVariable","inputs":{"variables":[{"name":"VarAction_M3","type":"string"}]}},"Appliquer_à_chacun_17":{"foreach":"@triggerOutputs()?['body/OData__x006d_3']","actions":{"Définir_une_variable":{"runAfter":{},"metadata":{"operationMetadataId":"a2ffa225-2a29-4071-b584-d9e055b07045"},"type":"SetVariable","inputs":{"name":"VarAction_M3","value":"@items('Appliquer_à_chacun_17')?['Value']"}}},"runAfter":{"Initialiser_la_variable_3":["Succeeded"]},"metadata":{"operationMetadataId":"e61ff793-cd9b-4a19-917d-be2d5afc46b5"},"type":"Foreach"},"Initialiser_la_variable_Depot":{"runAfter":{"Appliquer_à_chacun_17":["Succeeded"]},"metadata":{"operationMetadataId":"2f7d8852-81a0-4e46-909b-0dac0c51ffe1"},"type":"InitializeVariable","inputs":{"variables":[{"name":"DepotM3","type":"string","value":"@triggerOutputs()?['body/d_x00e9_pots_M3']"}]}},"Initialiser_la_variable_5":{"runAfter":{"Initialiser_la_variable_Depot":["Succeeded"]},"metadata":{"operationMetadataId":"7f03fe88-86d9-4b90-af16-d7fbc76e088a"},"type":"InitializeVariable","inputs":{"variables":[{"name":"MoyenEditionM3","type":"string"}]}},"Appliquer_à_chacun_18":{"foreach":"@triggerOutputs()?['body/action']","actions":{"Définir_une_variable_2":{"runAfter":{},"metadata":{"operationMetadataId":"36794d4e-dc15-4e38-a435-6f9fc6cd001b"},"type":"SetVariable","inputs":{"name":"MoyenEditionM3","value":"@items('Appliquer_à_chacun_18')?['Value']"}}},"runAfter":{"Initialiser_la_variable_5":["Succeeded"]},"metadata":{"operationMetadataId":"534052ee-1cfe-47d0-98d0-1bd432edbcaf"},"type":"Foreach"},"Initialiser_la_variable_programmeM3":{"runAfter":{"Appliquer_à_chacun_18":["Succeeded"]},"metadata":{"operationMetadataId":"66eb8e58-b4db-4e80-a1aa-66384e2843e3"},"type":"InitializeVariable","inputs":{"variables":[{"name":"ProgrammeProfilM3","type":"string","value":"@triggerOutputs()?['body/optimaint']"}]}},"Initialiser_la_variable_VarActionOptimaint":{"runAfter":{"Initialiser_la_variable_programmeM3":["Succeeded"]},"metadata":{"operationMetadataId":"a05dca87-7755-4cef-8279-b8dce57212b7"},"type":"InitializeVariable","inputs":{"variables":[{"name":"VarActionOptimaint","type":"string"}]}},"Appliquer_à_chacun_19":{"foreach":"@triggerOutputs()?['body/actionOptimaint_']","actions":{"Définir_une_variable_3":{"runAfter":{},"metadata":{"operationMetadataId":"61ccefce-bc0e-46ab-aff7-71ff23024223"},"type":"SetVariable","inputs":{"name":"VarActionOptimaint","value":"@items('Appliquer_à_chacun_19')?['Value']"}}},"runAfter":{"Initialiser_la_variable_VarActionOptimaint":["Succeeded"]},"metadata":{"operationMetadataId":"6d1bd1f5-4df6-4470-9d64-8e16a49fd070"},"type":"Foreach"},"Initialiser_la_varDroitOptimaint":{"runAfter":{"Appliquer_à_chacun_19":["Succeeded"]},"metadata":{"operationMetadataId":"3497991d-da73-4760-9ada-3308dc5b32cd"},"type":"InitializeVariable","inputs":{"variables":[{"name":"varDroitOptimaint","type":"string","value":"@triggerOutputs()?['body/droits_Optimaint']"}]}},"Initialiser_la_VarDepotOptimaint":{"runAfter":{"Initialiser_la_varDroitOptimaint":["Succeeded"]},"metadata":{"operationMetadataId":"e4b53b94-96e9-44c8-a96b-1c422de8d7d3"},"type":"InitializeVariable","inputs":{"variables":[{"name":"VarDepotOptimaint","type":"string","value":"@triggerOutputs()?['body/d_x00e9_pots_Optimaint0']"}]}},"Initialiser_la_variable_VarUtilisateur_Jumeau_Optimain":{"runAfter":{"Initialiser_la_VarDepotOptimaint":["Succeeded"]},"metadata":{"operationMetadataId":"3db8ecab-4238-40a6-b35b-135601614d26"},"type":"InitializeVariable","inputs":{"variables":[{"name":"VarUtilisateur_Jumeau_Optimain","type":"string","value":"@triggerOutputs()?['body/Utilisateur_Jumeau_Optimain/DisplayName']"}]}},"Initialiser_la_VarProfilJumeauOptimaint":{"runAfter":{"Initialiser_la_variable_VarUtilisateur_Jumeau_Optimain":["Succeeded"]},"metadata":{"operationMetadataId":"7da20c26-244c-4c3a-8b07-7e0914cc2b9d"},"type":"InitializeVariable","inputs":{"variables":[{"name":"VarProfilJumeauOptimaint","type":"string","value":"@triggerOutputs()?['body/Profil_Jumeau_Optimain']"}]}},"Initialiser_la_variable_VarSiteApplitude":{"runAfter":{"Initialiser_la_VarProfilJumeauOptimaint":["Succeeded"]},"metadata":{"operationMetadataId":"38ad29d9-8c3f-46a9-b8b7-711650043f91"},"type":"InitializeVariable","inputs":{"variables":[{"name":"VarSiteApplitude","type":"string"}]}},"Définir_une_variable_VarScociteApplitude":{"runAfter":{"Initialiser_la_variable_VarSiteApplitude":["Succeeded"]},"metadata":{"operationMetadataId":"fcba4228-84ea-4434-ae86-fcc4e1cf89be"},"type":"SetVariable","inputs":{"name":"VarSiteApplitude","value":"@triggerOutputs()?['body/Site_Amplitude_RH']"}},"Initialiser_la_variable_VarScociteApplitude":{"runAfter":{"Définir_une_variable_VarScociteApplitude":["Succeeded"]},"metadata":{"operationMetadataId":"2683fe38-b88e-4d23-a708-69b0bbc3091d"},"type":"InitializeVariable","inputs":{"variables":[{"name":"VarScociteApplitude","type":"string","value":"@triggerOutputs()?['body/Societe_Amplitude_RH']"}]}},"Initialiser_la_variable_VarProfil_jumeau_ARH":{"runAfter":{"Initialiser_la_variable_VarScociteApplitude":["Succeeded"]},"metadata":{"operationMetadataId":"ba937fa2-43b3-4a8a-bb67-58840ecb5612"},"type":"InitializeVariable","inputs":{"variables":[{"name":"VarProfil_jumeau_ARH","type":"string","value":"@triggerOutputs()?['body/Profil_jumeau_ARH/DisplayName']"}]}},"Initialiser_la_variable_ProfilJumeauApplitude":{"runAfter":{"Initialiser_la_variable_VarProfil_jumeau_ARH":["Succeeded"]},"metadata":{"operationMetadataId":"f17fae3e-4bad-4ca0-b298-a1097f0ee834"},"type":"InitializeVariable","inputs":{"variables":[{"name":"VarProfilJumeauApplitude","type":"string","value":"@triggerOutputs()?['body/Profil_Jumeau_AM_RH']"}]}},"Initialiser_la_variable_VarDroitApplitude":{"runAfter":{"Initialiser_la_variable_ProfilJumeauApplitude":["Succeeded"]},"metadata":{"operationMetadataId":"046f211e-1b2a-4da3-90e3-8b7298d63a06"},"type":"InitializeVariable","inputs":{"variables":[{"name":"VarDroitApplitude","type":"string","value":"@triggerOutputs()?['body/Droit_ARH']"}]}},"Initialiser_la_variable_ApplicationMetier":{"runAfter":{"Initialiser_la_variable_VarDroitApplitude":["Succeeded"]},"metadata":{"operationMetadataId":"3c02ddfc-01b8-4665-b4c5-7ee00ee22fd2"},"type":"InitializeVariable","inputs":{"variables":[{"name":"VarApplicationMetier","type":"string","value":"\n### APPLICATIONS METIERS\n##### M3\n-  utilisateur jumeau :  @{variables('VarUtilisateurprofilM3')}\n- Profil :  @{variables('ProfilJumeauM3')}\n- Action: @{variables('VarAction_M3')}\n- Dépôt: @{variables('DepotM3')}\n- Moyen d'édition: @{variables('MoyenEditionM3')}\n- Programme: @{variables('ProgrammeProfilM3')}\n##### OPTIMAINT\n- Utilisateur Jumeau:  @{variables('VarUtilisateur_Jumeau_Optimain')}\n- Profil jumeaux:  @{variables('VarProfilJumeauOptimaint')}\n- Action: @{variables('VarActionOptimaint')}\n- Dépôt: @{variables('VarDepotOptimaint')}\n- Droit: @{variables('VarDepotOptimaint')}\n##### AMPLITUDE RH\n- Utilisateur jumeaux: @{variables('VarProfil_jumeau_ARH')}\n- Profil jumeaux:  @{variables('VarProfilJumeauApplitude')}\n- Droit: @{variables('VarDroitApplitude')}\n- Site: @{variables('VarSiteApplitude')}\n- Société: @{variables('VarScociteApplitude')}\n\n\n"}]}},"Initialiser_la_variableNiveauAccesInternetExtranet":{"runAfter":{"Initialiser_la_variable_ApplicationMetier":["Succeeded"]},"metadata":{"operationMetadataId":"8d1a7d14-43d8-4569-88dd-69d8cfad9a1f"},"type":"InitializeVariable","inputs":{"variables":[{"name":"NiveauAccesInternetExtranet","type":"string"}]}},"Appliquer_à_chacun_20":{"foreach":"@triggerOutputs()?['body/niveau_dhabilitation_internet_Ac']","actions":{"Définir_une_variable_4":{"runAfter":{},"metadata":{"operationMetadataId":"bca0860e-d2df-424c-8e90-ca1950dd080e"},"type":"SetVariable","inputs":{"name":"NiveauAccesInternetExtranet","value":"@items('Appliquer_à_chacun_20')?['Value']"}}},"runAfter":{"Initialiser_la_variableNiveauAccesInternetExtranet":["Succeeded"]},"metadata":{"operationMetadataId":"78ad6ffc-8abd-47ba-886a-7953406aef81"},"type":"Foreach"},"Initialiser_la_variablevarNiveauAceesIntranet":{"runAfter":{"Appliquer_à_chacun_20":["Succeeded"]},"metadata":{"operationMetadataId":"127ce6b3-dea5-44fc-a726-8d52f8696b52"},"type":"InitializeVariable","inputs":{"variables":[{"name":"varNiveauAceesIntranet","type":"string"}]}},"Définir_une_variable_varNiveauAceesIntranet":{"runAfter":{"Initialiser_la_variablevarNiveauAceesIntranet":["Succeeded"]},"metadata":{"operationMetadataId":"4978a585-9a30-46f4-8819-57378d3c4bbb"},"type":"SetVariable","inputs":{"name":"varNiveauAceesIntranet","value":"@triggerOutputs()?['body/niveau_dacc_x00e8_s_internet_Acc/Value']"}},"Initialiser_la_variable_VarProfilJumeauIntranet":{"runAfter":{"Définir_une_variable_varNiveauAceesIntranet":["Succeeded"]},"metadata":{"operationMetadataId":"bf9b5e8d-4dc6-40b1-b581-0edde799bf62"},"type":"InitializeVariable","inputs":{"variables":[{"name":"VarProfilJumeauIntranet","type":"string","value":"@triggerOutputs()?['body/Profil_Jumeau_M30']"}]}},"Initialiser_la_variable_VarAdresseSiteInternet_para":{"runAfter":{"Initialiser_la_variable_VarProfilJumeauIntranet":["Succeeded"]},"metadata":{"operationMetadataId":"590f4ced-a94a-4b41-868c-d720df1bfaae"},"type":"InitializeVariable","inputs":{"variables":[{"name":"VarAdresseSiteInternet_para","type":"string","value":"@triggerOutputs()?['body/site_para']"}]}},"Initialiser_la_variable_VarJustificatif":{"runAfter":{"Initialiser_la_variable_VarAdresseSiteInternet_para":["Succeeded"]},"metadata":{"operationMetadataId":"c6b79a8e-e21c-4c27-bad9-cee78d17cc51"},"type":"InitializeVariable","inputs":{"variables":[{"name":"VarJustificatif","type":"string","value":"@triggerOutputs()?['body/n_x00e9_cessit_x00e9__Acc_x00e8_']"}]}},"Initialiser_la_variable_VarInternetExtranet":{"runAfter":{"Initialiser_la_variable_VarJustificatif":["Succeeded"]},"metadata":{"operationMetadataId":"8ea78b78-0eaa-4547-b915-cc61841dc06c"},"type":"InitializeVariable","inputs":{"variables":[{"name":"VarInternetExtranet","type":"string","value":"\n\n"}]}},"Condition_10":{"actions":{"Définir_une_variable_7":{"runAfter":{},"metadata":{"operationMetadataId":"8cceaa39-84bd-40dc-88e2-5ac334aac903"},"type":"SetVariable","inputs":{"name":"VarInternetExtranet","value":"### INTERNET/INTRANET\n- Niveau d'accès(internet):  @{variables('NiveauAccesInternetExtranet')}\n- Justificatifs:  @{variables('VarJustificatif')}\n- Niveau d'accès(intranet): @{variables('varNiveauAceesIntranet')}\n- Profil jumeau: @{variables('VarProfilJumeauIntranet')}\n"}}},"runAfter":{"Initialiser_la_variable_VarInternetExtranet":["Succeeded"]},"else":{"actions":{"Condition_11":{"actions":{"Définir_une_variable_11":{"runAfter":{},"metadata":{"operationMetadataId":"51951e9d-6be2-4b55-87e5-d3a5447efac7"},"type":"SetVariable","inputs":{"name":"VarInternetExtranet","value":"### INTERNET/INTRANET\n- Niveau d'accès(internet):  @{variables('NiveauAccesInternetExtranet')}\n- Adresse site internet:  @{variables('VarAdresseSiteInternet_para')}\n- Niveau d'accès(intranet): @{variables('varNiveauAceesIntranet')}\n- Profil jumeau: @{variables('VarProfilJumeauIntranet')}\n"}}},"runAfter":{},"else":{"actions":{"Définir_une_variable_10":{"runAfter":{},"metadata":{"operationMetadataId":"536520b6-d87a-4924-b3cc-6454bf14ba20"},"type":"SetVariable","inputs":{"name":"VarInternetExtranet","value":"### INTERNET/INTRANET\n- Niveau d'accès(internet):  @{variables('NiveauAccesInternetExtranet')}\n- Niveau d'accès(intranet): @{variables('varNiveauAceesIntranet')}\n- Profil jumeau: @{variables('VarProfilJumeauIntranet')}"}}}},"expression":{"equals":["@variables('NiveauAccesInternetExtranet')","AUTRES"]},"metadata":{"operationMetadataId":"c3f5d089-6f20-4559-a35a-524a064bc069"},"type":"If"}}},"expression":{"equals":["@variables('NiveauAccesInternetExtranet')","FULL"]},"metadata":{"operationMetadataId":"82a3b07b-04a3-4184-af15-a6a79b3b31ec"},"type":"If"},"Initialiser_VarTableaux":{"runAfter":{"Condition_10":["Succeeded"]},"metadata":{"operationMetadataId":"3e162de9-8284-4916-903e-266f54b8ce44"},"type":"InitializeVariable","inputs":{"variables":[{"name":"VarTableau","type":"string","value":"### AUTRES\n"}]}},"Initialiser_la_variable_6":{"runAfter":{"Initialiser_VarTableaux":["Succeeded"]},"metadata":{"operationMetadataId":"b7999c6f-92ed-4f34-9abd-86db5cb8e7c2"},"type":"InitializeVariable","inputs":{"variables":[{"name":"VarApplication","type":"string"}]}},"Initialiser_la_variable_7":{"runAfter":{"Initialiser_la_variable_6":["Succeeded"]},"metadata":{"operationMetadataId":"a0dc44a0-ced8-498e-82e4-606cec5b554c"},"type":"InitializeVariable","inputs":{"variables":[{"name":"VarDossier","type":"string"}]}},"Initialiser_la_variable_10":{"runAfter":{"Initialiser_la_variable_7":["Succeeded"]},"metadata":{"operationMetadataId":"a1f07850-23ed-4cc6-a010-e960456ccbb6"},"type":"InitializeVariable","inputs":{"variables":[{"name":"VarProfilJumeau","type":"string"}]}},"Si_la_demande_est_en_cours":{"actions":{"Condition_2":{"actions":{"Recuperation_ID_Valcourant":{"runAfter":{},"metadata":{"operationMetadataId":"118d1635-049b-490a-bc1b-a4bbaa71a0a6"},"type":"OpenApiConnection","inputs":{"host":{"apiId":"/providers/Microsoft.PowerApps/apis/shared_sharepointonline","connectionName":"shared_sharepointonline_1","operationId":"GetItems"},"parameters":{"dataset":"https://sibracacam.sharepoint.com/sites/test.intranet.sabc/test_dev","table":"PRS_VALIDATION_WF_GESTION-IDENTITE","$filter":"codewf eq 'WF_GESTION_IDENTITE' and refdemande eq '@{triggerOutputs()?['body/Title']}' and ordre eq '@{triggerOutputs()?['body/currentVal']}'"},"authentication":"@parameters('$authentication')"}},"Appliquer_à_chacun_9":{"foreach":"@outputs('Recuperation_ID_Valcourant')?['body/value']","actions":{"Condition_5":{"actions":{"Appliquer_à_chacun":{"foreach":"@outputs('Démarrer_et_attendre_une_approbation_2')?['body/responses']","actions":{"Appliquer_à_chacun_2":{"foreach":"@outputs('Recuperation_ID_Valcourant')?['body/value']","actions":{"Mettre_à_jour_l'élément":{"runAfter":{},"metadata":{"operationMetadataId":"adf8f282-60e5-4dbf-b3fb-19de8b3c9386"},"type":"OpenApiConnection","inputs":{"host":{"apiId":"/providers/Microsoft.PowerApps/apis/shared_sharepointonline","connectionName":"shared_sharepointonline_1","operationId":"PatchItem"},"parameters":{"dataset":"https://sibracacam.sharepoint.com/sites/test.intranet.sabc/test_dev","table":"PRS_VALIDATION_WF_GESTION-IDENTITE","id":"@items('Appliquer_à_chacun_2')?['ID']","item/Title":"@items('Appliquer_à_chacun_2')?['Title']","item/decision":"Approuver","item/remarque":"@items('Appliquer_à_chacun')?['comments']"},"authentication":"@parameters('$authentication')"}}},"runAfter":{},"metadata":{"operationMetadataId":"7172f73b-b8bf-401e-83ea-7b3718aeb2b4"},"type":"Foreach"}},"runAfter":{},"metadata":{"operationMetadataId":"cf60b62f-086a-41b6-8567-edf4780c726d"},"type":"Foreach"},"Condition_3":{"actions":{"Incrémenter_une_variable":{"runAfter":{},"metadata":{"operationMetadataId":"2be0d30f-a833-471d-a2dc-b943bb363ab7"},"type":"IncrementVariable","inputs":{"name":"VarNiveauVal","value":1}},"Recuperation_du_prochain_valCourant":{"runAfter":{"Incrémenter_une_variable":["Succeeded"]},"metadata":{"operationMetadataId":"97734586-bff7-4643-b2a2-77f9bd045136"},"type":"OpenApiConnection","inputs":{"host":{"apiId":"/providers/Microsoft.PowerApps/apis/shared_sharepointonline","connectionName":"shared_sharepointonline_1","operationId":"GetItems"},"parameters":{"dataset":"https://sibracacam.sharepoint.com/sites/test.intranet.sabc/test_dev","table":"PRS_VALIDATION_WF_GESTION-IDENTITE","$filter":"codewf eq 'WF_GESTION_IDENTITE' and refdemande eq '@{triggerOutputs()?['body/Title']}' and ordre eq '@{variables('VarNiveauVal')}'"},"authentication":"@parameters('$authentication')"}},"Appliquer_à_chacun_7":{"foreach":"@outputs('Recuperation_du_prochain_valCourant')?['body/value']","actions":{"Appliquer_à_chacun_8":{"foreach":"@outputs('Démarrer_et_attendre_une_approbation_2')?['body/responses']","actions":{"Commutateur":{"runAfter":{},"cases":{"Casse":{"case":1,"actions":{"Mettre_à_jour_l'élément_12":{"runAfter":{},"metadata":{"operationMetadataId":"d2a60dbf-4522-46ac-ad36-a69861552e91"},"type":"OpenApiConnection","inputs":{"host":{"apiId":"/providers/Microsoft.PowerApps/apis/shared_sharepointonline","connectionName":"shared_sharepointonline_1","operationId":"PatchItem"},"parameters":{"dataset":"https://sibracacam.sharepoint.com/sites/test.intranet.sabc/test_dev","table":"GESTION DES IDENTITES","id":"@triggerOutputs()?['body/ID']","item/Title":"@triggerOutputs()?['body/Title']","item/libelle_Statut":"En cours","item/currentVal":"@variables('VarNiveauVal')","item/wfStart":"YES","item/Fonct_Demandeur":"@items('Appliquer_à_chacun_7')?['fonction']","item/NomValidateurCourant/Claims":"@items('Appliquer_à_chacun_7')?['validateurinitial/Claims']","item/Remarque_Valcourant":"@items('Appliquer_à_chacun_8')?['comments']","item/validateurFinal1":"@items('Appliquer_à_chacun_8')?['responder/email']"},"authentication":"@parameters('$authentication')"}}}},"Casse_2":{"case":2,"actions":{"Mettre_à_jour_l'élément_11":{"runAfter":{},"metadata":{"operationMetadataId":"d2a60dbf-4522-46ac-ad36-a69861552e91"},"type":"OpenApiConnection","inputs":{"host":{"apiId":"/providers/Microsoft.PowerApps/apis/shared_sharepointonline","connectionName":"shared_sharepointonline_1","operationId":"PatchItem"},"parameters":{"dataset":"https://sibracacam.sharepoint.com/sites/test.intranet.sabc/test_dev","table":"GESTION DES IDENTITES","id":"@triggerOutputs()?['body/ID']","item/Title":"@triggerOutputs()?['body/Title']","item/libelle_Statut":"En cours","item/currentVal":"@variables('VarNiveauVal')","item/wfStart":"YES","item/Fonct_Demandeur":"@items('Appliquer_à_chacun_7')?['fonction']","item/NomValidateurCourant/Claims":"@items('Appliquer_à_chacun_7')?['validateurinitial/Claims']","item/Remarque_Valcourant":"@items('Appliquer_à_chacun_8')?['comments']","item/validateurFinal2":"@items('Appliquer_à_chacun_8')?['responder/email']"},"authentication":"@parameters('$authentication')"}}}},"Casse_3":{"case":3,"actions":{"Mettre_à_jour_l'élément_9":{"runAfter":{},"metadata":{"operationMetadataId":"d2a60dbf-4522-46ac-ad36-a69861552e91"},"type":"OpenApiConnection","inputs":{"host":{"apiId":"/providers/Microsoft.PowerApps/apis/shared_sharepointonline","connectionName":"shared_sharepointonline_1","operationId":"PatchItem"},"parameters":{"dataset":"https://sibracacam.sharepoint.com/sites/test.intranet.sabc/test_dev","table":"GESTION DES IDENTITES","id":"@triggerOutputs()?['body/ID']","item/Title":"@triggerOutputs()?['body/Title']","item/libelle_Statut":"En cours","item/currentVal":"@variables('VarNiveauVal')","item/wfStart":"YES","item/Fonct_Demandeur":"@items('Appliquer_à_chacun_7')?['fonction']","item/NomValidateurCourant/Claims":"@items('Appliquer_à_chacun_7')?['validateurinitial/Claims']","item/Remarque_Valcourant":"@items('Appliquer_à_chacun_8')?['comments']","item/validateurFinal3":"@items('Appliquer_à_chacun_8')?['responder/email']"},"authentication":"@parameters('$authentication')"}}}},"Casse_4":{"case":4,"actions":{"Mettre_à_jour_l'élément_10":{"runAfter":{},"metadata":{"operationMetadataId":"d2a60dbf-4522-46ac-ad36-a69861552e91"},"type":"OpenApiConnection","inputs":{"host":{"apiId":"/providers/Microsoft.PowerApps/apis/shared_sharepointonline","connectionName":"shared_sharepointonline_1","operationId":"PatchItem"},"parameters":{"dataset":"https://sibracacam.sharepoint.com/sites/test.intranet.sabc/test_dev","table":"GESTION DES IDENTITES","id":"@triggerOutputs()?['body/ID']","item/Title":"@triggerOutputs()?['body/Title']","item/libelle_Statut":"En cours","item/currentVal":"@variables('VarNiveauVal')","item/wfStart":"YES","item/Fonct_Demandeur":"@items('Appliquer_à_chacun_7')?['fonction']","item/NomValidateurCourant/Claims":"@items('Appliquer_à_chacun_7')?['validateurinitial/Claims']","item/Remarque_Valcourant":"@items('Appliquer_à_chacun_8')?['comments']","item/validateurFinal4":"@items('Appliquer_à_chacun_8')?['responder/email']"},"authentication":"@parameters('$authentication')"}}}}},"default":{"actions":{}},"expression":"@int(triggerOutputs()?['body/currentVal'])","metadata":{"operationMetadataId":"03c621d6-988f-407f-b5a4-79d1dd3df729"},"type":"Switch"}},"runAfter":{},"metadata":{"operationMetadataId":"7761d675-1ed4-4a75-bec3-c98debbb532c"},"type":"Foreach"}},"runAfter":{"Recuperation_du_prochain_valCourant":["Succeeded"]},"metadata":{"operationMetadataId":"1da64cae-2760-4bb7-867e-be1db8d58b0b"},"type":"Foreach"}},"runAfter":{"Appliquer_à_chacun":["Succeeded"]},"else":{"actions":{"Condition_4":{"actions":{"Commutateur_2":{"runAfter":{},"cases":{"Casse":{"case":1,"actions":{"Appliquer_à_chacun_22":{"foreach":"@outputs('Démarrer_et_attendre_une_approbation_2')?['body/responses']","actions":{"Mettre_à_jour_l'élément_5":{"runAfter":{},"metadata":{"operationMetadataId":"f65452d8-05e9-4d33-a9df-8b1271e027f7"},"type":"OpenApiConnection","inputs":{"host":{"apiId":"/providers/Microsoft.PowerApps/apis/shared_sharepointonline","connectionName":"shared_sharepointonline_1","operationId":"PatchItem"},"parameters":{"dataset":"https://sibracacam.sharepoint.com/sites/test.intranet.sabc/test_dev","table":"GESTION DES IDENTITES","id":"@triggerOutputs()?['body/ID']","item/Title":"@triggerOutputs()?['body/Title']","item/libelle_Statut":"Terminer","item/wfStart":"YES","item/Stauts":90,"item/validateurFinal1":"@items('Appliquer_à_chacun_22')?['responder/email']"},"authentication":"@parameters('$authentication')"}}},"runAfter":{},"type":"Foreach"}}},"Casse_2":{"case":2,"actions":{"Appliquer_à_chacun_23":{"foreach":"@outputs('Démarrer_et_attendre_une_approbation_2')?['body/responses']","actions":{"Mettre_à_jour_l'élément_4":{"runAfter":{},"type":"OpenApiConnection","inputs":{"host":{"apiId":"/providers/Microsoft.PowerApps/apis/shared_sharepointonline","connectionName":"shared_sharepointonline_1","operationId":"PatchItem"},"parameters":{"dataset":"https://sibracacam.sharepoint.com/sites/test.intranet.sabc/test_dev","table":"GESTION DES IDENTITES","id":"@triggerOutputs()?['body/ID']","item/Title":"@triggerOutputs()?['body/Title']","item/libelle_Statut":"Terminer","item/wfStart":"YES","item/Stauts":90,"item/validateurFinal2":"@items('Appliquer_à_chacun_23')?['responder/email']"},"authentication":"@parameters('$authentication')"}}},"runAfter":{},"type":"Foreach"}}},"Casse_3":{"case":3,"actions":{"Appliquer_à_chacun_24":{"foreach":"@outputs('Démarrer_et_attendre_une_approbation_2')?['body/responses']","actions":{"Mettre_à_jour_l'élément_8":{"runAfter":{},"type":"OpenApiConnection","inputs":{"host":{"apiId":"/providers/Microsoft.PowerApps/apis/shared_sharepointonline","connectionName":"shared_sharepointonline_1","operationId":"PatchItem"},"parameters":{"dataset":"https://sibracacam.sharepoint.com/sites/test.intranet.sabc/test_dev","table":"GESTION DES IDENTITES","id":"@triggerOutputs()?['body/ID']","item/Title":"@triggerOutputs()?['body/Title']","item/libelle_Statut":"Terminer","item/wfStart":"YES","item/Stauts":90,"item/validateurFinal3":"@items('Appliquer_à_chacun_24')?['responder/email']"},"authentication":"@parameters('$authentication')"}}},"runAfter":{},"type":"Foreach"}}},"Casse_4":{"case":4,"actions":{"Appliquer_à_chacun_25":{"foreach":"@outputs('Démarrer_et_attendre_une_approbation_2')?['body/responses']","actions":{"Mettre_à_jour_l'élément_13":{"runAfter":{},"type":"OpenApiConnection","inputs":{"host":{"apiId":"/providers/Microsoft.PowerApps/apis/shared_sharepointonline","connectionName":"shared_sharepointonline_1","operationId":"PatchItem"},"parameters":{"dataset":"https://sibracacam.sharepoint.com/sites/test.intranet.sabc/test_dev","table":"GESTION DES IDENTITES","id":"@triggerOutputs()?['body/ID']","item/Title":"@triggerOutputs()?['body/Title']","item/libelle_Statut":"Terminer","item/wfStart":"YES","item/Stauts":90,"item/validateurFinal4":"@items('Appliquer_à_chacun_25')?['responder/email']"},"authentication":"@parameters('$authentication')"}}},"runAfter":{},"type":"Foreach"}}}},"default":{"actions":{}},"expression":"@int(triggerOutputs()?['body/currentVal'])","metadata":{"operationMetadataId":"8ce33b03-e288-4920-b944-fdae03b9d43e"},"type":"Switch"}},"runAfter":{},"expression":{"equals":["@variables('VarNiveauVal')","@triggerOutputs()?['body/NbreVal']"]},"metadata":{"operationMetadataId":"7641d6b3-26a8-4e59-91af-10c92c81cda6"},"type":"If"}}},"expression":{"less":["@variables('VarNiveauVal')","@triggerOutputs()?['body/NbreVal']"]},"metadata":{"operationMetadataId":"196db1da-7e87-45be-b0c4-bef6067841e1"},"type":"If"}},"runAfter":{},"expression":{"and":[{"not":{"equals":["@items('Appliquer_à_chacun_9')?['decision']","Approuver"]}},{"not":{"equals":["@items('Appliquer_à_chacun_9')?['decision']","Refuser"]}},{"not":{"equals":["@items('Appliquer_à_chacun_9')?['decision']","Modifier"]}}]},"metadata":{"operationMetadataId":"5890a8c5-53c4-4607-b1bc-44040f5b665d"},"type":"If"}},"runAfter":{"Recuperation_ID_Valcourant":["Succeeded"]},"metadata":{"operationMetadataId":"001ac339-daf0-4aad-ba1c-088d3a2ebd6e"},"type":"Foreach"}},"runAfter":{"Démarrer_et_attendre_une_approbation_2":["Succeeded"]},"else":{"actions":{"Condition_6":{"actions":{"Recuperation_ID_Valcourant_3":{"runAfter":{},"metadata":{"operationMetadataId":"0c806ace-75a1-409b-9e07-e809c7f6ca85"},"type":"OpenApiConnection","inputs":{"host":{"apiId":"/providers/Microsoft.PowerApps/apis/shared_sharepointonline","connectionName":"shared_sharepointonline_1","operationId":"GetItems"},"parameters":{"dataset":"https://sibracacam.sharepoint.com/sites/test.intranet.sabc/test_dev","table":"PRS_VALIDATION_WF_GESTION-IDENTITE","$filter":"codewf eq 'WF_GESTION_IDENTITE' and refdemande eq '@{triggerOutputs()?['body/Title']}' and ordre eq '@{triggerOutputs()?['body/currentVal']}'"},"authentication":"@parameters('$authentication')"}},"Appliquer_à_chacun_15":{"foreach":"@outputs('Recuperation_ID_Valcourant_3')?['body/value']","actions":{"Condition_8":{"actions":{"Appliquer_à_chacun_10":{"foreach":"@outputs('Recuperation_ID_Valcourant_3')?['body/value']","actions":{"Appliquer_à_chacun_11":{"foreach":"@outputs('Démarrer_et_attendre_une_approbation_2')?['body/responses']","actions":{"Mettre_à_jour_l'élément_6":{"runAfter":{},"metadata":{"operationMetadataId":"631845ad-f4cc-4000-ab44-d1a4cae18cfb"},"type":"OpenApiConnection","inputs":{"host":{"apiId":"/providers/Microsoft.PowerApps/apis/shared_sharepointonline","connectionName":"shared_sharepointonline_1","operationId":"PatchItem"},"parameters":{"dataset":"https://sibracacam.sharepoint.com/sites/test.intranet.sabc/test_dev","table":"PRS_VALIDATION_WF_GESTION-IDENTITE","id":"@items('Appliquer_à_chacun_10')?['ID']","item/Title":"@items('Appliquer_à_chacun_10')?['Title']","item/decision":"Modifier","item/remarque":"@items('Appliquer_à_chacun_11')?['comments']","item/passval":0},"authentication":"@parameters('$authentication')"}}},"runAfter":{},"metadata":{"operationMetadataId":"86a68fd7-3f4f-425c-a465-0dfdb0ee6aa8"},"type":"Foreach"}},"runAfter":{},"metadata":{"operationMetadataId":"3a137f2c-5ff4-4b9a-969a-be413741038e"},"type":"Foreach"},"Appliquer_à_chacun_12":{"foreach":"@outputs('Démarrer_et_attendre_une_approbation_2')?['body/responses']","actions":{"Commutateur_3":{"runAfter":{},"cases":{"Casse":{"case":1,"actions":{"Mettre_à_jour_l'élément_14":{"runAfter":{},"type":"OpenApiConnection","inputs":{"host":{"apiId":"/providers/Microsoft.PowerApps/apis/shared_sharepointonline","connectionName":"shared_sharepointonline_1","operationId":"PatchItem"},"parameters":{"dataset":"https://sibracacam.sharepoint.com/sites/test.intranet.sabc/test_dev","table":"GESTION DES IDENTITES","id":"@triggerOutputs()?['body/ID']","item/Title":"@triggerOutputs()?['body/Title']","item/libelle_Statut":"En cours","item/currentVal":0,"item/wfStart":"YES","item/Stauts":80,"item/NomValidateurCourant/Claims":"@triggerOutputs()?['body/Demandeur/Claims']","item/Remarque_Valcourant":"@items('Appliquer_à_chacun_12')?['comments']","item/validateurFinal1":"@items('Appliquer_à_chacun_12')?['responder/email']"},"authentication":"@parameters('$authentication')"}}}},"Casse_2":{"case":2,"actions":{"Mettre_à_jour_l'élément_15":{"runAfter":{},"type":"OpenApiConnection","inputs":{"host":{"apiId":"/providers/Microsoft.PowerApps/apis/shared_sharepointonline","connectionName":"shared_sharepointonline_1","operationId":"PatchItem"},"parameters":{"dataset":"https://sibracacam.sharepoint.com/sites/test.intranet.sabc/test_dev","table":"GESTION DES IDENTITES","id":"@triggerOutputs()?['body/ID']","item/Title":"@triggerOutputs()?['body/Title']","item/libelle_Statut":"En cours","item/currentVal":0,"item/wfStart":"YES","item/Stauts":80,"item/NomValidateurCourant/Claims":"@triggerOutputs()?['body/Demandeur/Claims']","item/Remarque_Valcourant":"@items('Appliquer_à_chacun_12')?['comments']","item/validateurFinal2":"@items('Appliquer_à_chacun_12')?['responder/email']"},"authentication":"@parameters('$authentication')"}}}},"Casse_3":{"case":3,"actions":{"Mettre_à_jour_l'élément_16":{"runAfter":{},"type":"OpenApiConnection","inputs":{"host":{"apiId":"/providers/Microsoft.PowerApps/apis/shared_sharepointonline","connectionName":"shared_sharepointonline_1","operationId":"PatchItem"},"parameters":{"dataset":"https://sibracacam.sharepoint.com/sites/test.intranet.sabc/test_dev","table":"GESTION DES IDENTITES","id":"@triggerOutputs()?['body/ID']","item/Title":"@triggerOutputs()?['body/Title']","item/libelle_Statut":"En cours","item/currentVal":0,"item/wfStart":"YES","item/Stauts":80,"item/NomValidateurCourant/Claims":"@triggerOutputs()?['body/Demandeur/Claims']","item/Remarque_Valcourant":"@items('Appliquer_à_chacun_12')?['comments']","item/validateurFinal3":"@items('Appliquer_à_chacun_12')?['responder/email']"},"authentication":"@parameters('$authentication')"}}}},"Casse_4":{"case":4,"actions":{"Mettre_à_jour_l'élément_17":{"runAfter":{},"type":"OpenApiConnection","inputs":{"host":{"apiId":"/providers/Microsoft.PowerApps/apis/shared_sharepointonline","connectionName":"shared_sharepointonline_1","operationId":"PatchItem"},"parameters":{"dataset":"https://sibracacam.sharepoint.com/sites/test.intranet.sabc/test_dev","table":"GESTION DES IDENTITES","id":"@triggerOutputs()?['body/ID']","item/Title":"@triggerOutputs()?['body/Title']","item/libelle_Statut":"En cours","item/currentVal":0,"item/wfStart":"YES","item/Stauts":80,"item/NomValidateurCourant/Claims":"@triggerOutputs()?['body/Demandeur/Claims']","item/Remarque_Valcourant":"@items('Appliquer_à_chacun_12')?['comments']","item/validateurFinal4":"@items('Appliquer_à_chacun_12')?['responder/email']"},"authentication":"@parameters('$authentication')"}}}}},"default":{"actions":{}},"expression":"@int(triggerOutputs()?['body/currentVal'])","metadata":{"operationMetadataId":"7cd4ef3b-5771-4f8e-95eb-4abff30c4033"},"type":"Switch"}},"runAfter":{"Appliquer_à_chacun_10":["Succeeded"]},"metadata":{"operationMetadataId":"e79ba9b2-e054-4213-8048-00932e6287bd"},"type":"Foreach"}},"runAfter":{},"expression":{"and":[{"not":{"equals":["@items('Appliquer_à_chacun_15')?['decision']","Approuver"]}},{"not":{"equals":["@items('Appliquer_à_chacun_15')?['decision']","Refuser"]}},{"not":{"equals":["@items('Appliquer_à_chacun_15')?['decision']","Modifier"]}}]},"metadata":{"operationMetadataId":"e7d9cb4b-3e44-4f26-9683-deef1916da5b"},"type":"If"}},"runAfter":{"Recuperation_ID_Valcourant_3":["Succeeded"]},"metadata":{"operationMetadataId":"1459ab46-9375-4de3-8db0-c3180d4922ff"},"type":"Foreach"}},"runAfter":{},"else":{"actions":{"Condition_7":{"actions":{"Recuperation_ID_Valcourant_2":{"runAfter":{},"metadata":{"operationMetadataId":"9e441e0a-7fb4-443d-b4ed-a49ebaad62b8"},"type":"OpenApiConnection","inputs":{"host":{"apiId":"/providers/Microsoft.PowerApps/apis/shared_sharepointonline","connectionName":"shared_sharepointonline_1","operationId":"GetItems"},"parameters":{"dataset":"https://sibracacam.sharepoint.com/sites/test.intranet.sabc/test_dev","table":"PRS_VALIDATION_WF_GESTION-IDENTITE","$filter":"codewf eq 'WF_GESTION_IDENTITE' and refdemande eq '@{triggerOutputs()?['body/Title']}' and ordre eq '@{triggerOutputs()?['body/currentVal']}'"},"authentication":"@parameters('$authentication')"}},"Appliquer_à_chacun_16":{"foreach":"@outputs('Recuperation_ID_Valcourant_2')?['body/value']","actions":{"Condition_9":{"actions":{"Appliquer_à_chacun_4":{"foreach":"@outputs('Recuperation_ID_Valcourant_2')?['body/value']","actions":{"Appliquer_à_chacun_5":{"foreach":"@outputs('Démarrer_et_attendre_une_approbation_2')?['body/responses']","actions":{"Mettre_à_jour_l'élément_2":{"runAfter":{},"metadata":{"operationMetadataId":"9f748c76-57be-4cd7-bf06-791215fd7306"},"type":"OpenApiConnection","inputs":{"host":{"apiId":"/providers/Microsoft.PowerApps/apis/shared_sharepointonline","connectionName":"shared_sharepointonline_1","operationId":"PatchItem"},"parameters":{"dataset":"https://sibracacam.sharepoint.com/sites/test.intranet.sabc/test_dev","table":"PRS_VALIDATION_WF_GESTION-IDENTITE","id":"@items('Appliquer_à_chacun_4')?['ID']","item/Title":"@items('Appliquer_à_chacun_4')?['Title']","item/decision":"Refuser","item/remarque":"@items('Appliquer_à_chacun_5')?['comments']","item/passval":0},"authentication":"@parameters('$authentication')"}}},"runAfter":{},"metadata":{"operationMetadataId":"0908bfde-b663-420c-b1e0-18c636468e78"},"type":"Foreach"}},"runAfter":{},"metadata":{"operationMetadataId":"06ba67cc-4811-4732-b554-3166f42e1e38"},"type":"Foreach"},"Appliquer_à_chacun_6":{"foreach":"@outputs('Démarrer_et_attendre_une_approbation_2')?['body/responses']","actions":{"Commutateur_4":{"runAfter":{},"cases":{"Casse":{"case":1,"actions":{"Mettre_à_jour_l'élément_20":{"runAfter":{},"type":"OpenApiConnection","inputs":{"host":{"apiId":"/providers/Microsoft.PowerApps/apis/shared_sharepointonline","connectionName":"shared_sharepointonline_1","operationId":"PatchItem"},"parameters":{"dataset":"https://sibracacam.sharepoint.com/sites/test.intranet.sabc/test_dev","table":"GESTION DES IDENTITES","id":"@triggerOutputs()?['body/ID']","item/Title":"@triggerOutputs()?['body/Title']","item/libelle_Statut":"Refuser","item/wfStart":"YES","item/Stauts":99,"item/Remarque_Valcourant":"@items('Appliquer_à_chacun_6')?['comments']","item/validateurFinal1":"@items('Appliquer_à_chacun_6')?['responder/email']"},"authentication":"@parameters('$authentication')"}}}},"Casse_2":{"case":2,"actions":{"Mettre_à_jour_l'élément_19":{"runAfter":{},"type":"OpenApiConnection","inputs":{"host":{"apiId":"/providers/Microsoft.PowerApps/apis/shared_sharepointonline","connectionName":"shared_sharepointonline_1","operationId":"PatchItem"},"parameters":{"dataset":"https://sibracacam.sharepoint.com/sites/test.intranet.sabc/test_dev","table":"GESTION DES IDENTITES","id":"@triggerOutputs()?['body/ID']","item/Title":"@triggerOutputs()?['body/Title']","item/libelle_Statut":"Refuser","item/wfStart":"YES","item/Stauts":99,"item/Remarque_Valcourant":"@items('Appliquer_à_chacun_6')?['comments']","item/validateurFinal2":"@items('Appliquer_à_chacun_6')?['responder/email']"},"authentication":"@parameters('$authentication')"}}}},"Casse_3":{"case":3,"actions":{"Mettre_à_jour_l'élément_18":{"runAfter":{},"type":"OpenApiConnection","inputs":{"host":{"apiId":"/providers/Microsoft.PowerApps/apis/shared_sharepointonline","connectionName":"shared_sharepointonline_1","operationId":"PatchItem"},"parameters":{"dataset":"https://sibracacam.sharepoint.com/sites/test.intranet.sabc/test_dev","table":"b8b1a597-c2a2-4f2f-8e12-e7ba15696e2e","id":"@triggerOutputs()?['body/ID']","item/Title":"@triggerOutputs()?['body/Title']","item/libelle_Statut":"Refuser","item/wfStart":"YES","item/Stauts":99,"item/Remarque_Valcourant":"@items('Appliquer_à_chacun_6')?['comments']","item/validateurFinal3":"@items('Appliquer_à_chacun_6')?['responder/email']"},"authentication":"@parameters('$authentication')"}}}},"Casse_4":{"case":4,"actions":{"Mettre_à_jour_l'élément_7":{"runAfter":{},"type":"OpenApiConnection","inputs":{"host":{"apiId":"/providers/Microsoft.PowerApps/apis/shared_sharepointonline","connectionName":"shared_sharepointonline_1","operationId":"PatchItem"},"parameters":{"dataset":"https://sibracacam.sharepoint.com/sites/test.intranet.sabc/test_dev","table":"GESTION DES IDENTITES","id":"@triggerOutputs()?['body/ID']","item/Title":"@triggerOutputs()?['body/Title']","item/libelle_Statut":"Refuser","item/wfStart":"YES","item/Stauts":99,"item/Remarque_Valcourant":"@items('Appliquer_à_chacun_6')?['comments']","item/validateurFinal4":"@items('Appliquer_à_chacun_6')?['responder/email']"},"authentication":"@parameters('$authentication')"}}}}},"default":{"actions":{}},"expression":"@int(triggerOutputs()?['body/currentVal'])","metadata":{"operationMetadataId":"593024d1-8de6-4ffa-b77c-7d7cd1cbd19e"},"type":"Switch"}},"runAfter":{"Appliquer_à_chacun_4":["Succeeded"]},"metadata":{"operationMetadataId":"00fdb8cb-f3a5-4d3e-a13a-f9f3bdbb3883"},"type":"Foreach"}},"runAfter":{},"expression":{"and":[{"not":{"equals":["@items('Appliquer_à_chacun_16')?['decision']","Approuver"]}},{"not":{"equals":["@items('Appliquer_à_chacun_16')?['decision']","Refuser"]}},{"not":{"equals":["@items('Appliquer_à_chacun_16')?['decision']","Modifier"]}}]},"metadata":{"operationMetadataId":"a7f45f5d-084a-4cbe-8714-49079df5d7d8"},"type":"If"}},"runAfter":{"Recuperation_ID_Valcourant_2":["Succeeded"]},"metadata":{"operationMetadataId":"fd6595b4-a242-4c8d-9f16-4c37d75bceff"},"type":"Foreach"}},"runAfter":{},"expression":{"equals":["@outputs('Démarrer_et_attendre_une_approbation_2')?['body/outcome']","Refuser"]},"metadata":{"operationMetadataId":"5199ac91-8dd7-4aec-96dc-37e339946a02"},"type":"If"}}},"expression":{"equals":["@outputs('Démarrer_et_attendre_une_approbation_2')?['body/outcome']","Modifier"]},"metadata":{"operationMetadataId":"dcde041f-303b-41d8-b3cb-29d809997c9b"},"type":"If"}}},"expression":{"equals":["@outputs('Démarrer_et_attendre_une_approbation_2')?['body/outcome']","Approuver"]},"metadata":{"operationMetadataId":"6d6bf3ba-a904-4739-8a19-09e1e5248edf"},"type":"If"},"Appliquer_à_chacun_13":{"foreach":"@outputs('Obtenir_mailremplacant')?['body/value']","actions":{"Ajouter_à_la_variable_de_chaîne":{"runAfter":{},"metadata":{"operationMetadataId":"f0328612-e4f8-412d-95cf-0e3cace5156d"},"type":"AppendToStringVariable","inputs":{"name":"varformailremplacant","value":"@{items('Appliquer_à_chacun_13')?['mailremplacant']};"}}},"runAfter":{"Obtenir_mailremplacant":["Succeeded"]},"metadata":{"operationMetadataId":"174350f8-cfc8-443d-99e9-a9b701152bb2"},"type":"Foreach"},"Obtenir_mailremplacant":{"runAfter":{},"metadata":{"operationMetadataId":"fded5187-1d71-4b08-a8d0-f0c09ce38a2a"},"type":"OpenApiConnection","inputs":{"host":{"apiId":"/providers/Microsoft.PowerApps/apis/shared_sharepointonline","connectionName":"shared_sharepointonline_1","operationId":"GetItems"},"parameters":{"dataset":"https://sibracacam.sharepoint.com/sites/test.intranet.sabc/test_dev","table":"47f0adee-c434-43f3-bc91-4d66562aad69","$filter":"Title eq '@{triggerOutputs()?['body/NomValidateurCourant/Email']}' and dateexpiration ge'@{triggerOutputs()?['body/Created']}'"},"authentication":"@parameters('$authentication')"}},"Obtenir_les_éléments_PRS_APPLICATIONS_VOULUES":{"runAfter":{"Appliquer_à_chacun_13":["Succeeded"]},"metadata":{"operationMetadataId":"60fb87e7-d490-470c-b1f0-f10c70693fa0"},"type":"OpenApiConnection","inputs":{"host":{"apiId":"/providers/Microsoft.PowerApps/apis/shared_sharepointonline","connectionName":"shared_sharepointonline_1","operationId":"GetItems"},"parameters":{"dataset":"https://sibracacam.sharepoint.com/sites/test.intranet.sabc/test_dev","table":"2b4137c0-a987-43f9-b1ca-8dca170c25e9","$filter":"Title eq'@{triggerOutputs()?['body/refdemande']}' "},"authentication":"@parameters('$authentication')"}},"Appliquer_à_chacun_21":{"foreach":"@outputs('Obtenir_les_éléments_PRS_APPLICATIONS_VOULUES')?['body/value']","actions":{"Définir_une_variable_5":{"runAfter":{},"metadata":{"operationMetadataId":"74ce3a7e-3f07-4b88-8782-bddab14e670a"},"type":"SetVariable","inputs":{"name":"VarApplication","value":"@items('Appliquer_à_chacun_21')?['Applications']"}},"Définir_une_variable_8":{"runAfter":{"Définir_une_variable_5":["Succeeded"]},"metadata":{"operationMetadataId":"daac43a1-828d-46f6-9622-380015e6dd69"},"type":"SetVariable","inputs":{"name":"VarDossier","value":"@items('Appliquer_à_chacun_21')?['roles']"}},"Définir_une_variable_9":{"runAfter":{"Définir_une_variable_8":["Succeeded"]},"metadata":{"operationMetadataId":"070359cd-78e0-43b8-8729-0aab6b4d4a52"},"type":"SetVariable","inputs":{"name":"VarProfilJumeau","value":"@items('Appliquer_à_chacun_21')?['profils_jumeau']"}},"Ajouter_à_la_variable_de_chaîne_2":{"runAfter":{"Définir_une_variable_9":["Succeeded"]},"metadata":{"operationMetadataId":"f7cc2c75-b05d-4f68-9da9-31661772e37d"},"type":"AppendToStringVariable","inputs":{"name":"VarTableau","value":"\n##### @{variables('VarApplication')}\n- Rôle/Dosssier:  @{variables('VarDossier')}\n- Profil jumeau: @{variables('VarProfilJumeau')}"}}},"runAfter":{"Obtenir_les_éléments_PRS_APPLICATIONS_VOULUES":["Succeeded"]},"metadata":{"operationMetadataId":"e9b412ab-3533-4156-81b9-dad1654ca3d8"},"type":"Foreach"},"Démarrer_et_attendre_une_approbation_2":{"runAfter":{"Appliquer_à_chacun_21":["Succeeded"]},"metadata":{"operationMetadataId":"72829270-438b-438b-8688-3a9ffcaed160"},"type":"OpenApiConnectionWebhook","inputs":{"host":{"apiId":"/providers/Microsoft.PowerApps/apis/shared_approvals","connectionName":"shared_approvals_1","operationId":"StartAndWaitForAnApproval"},"parameters":{"approvalType":"CustomResponse","WebhookApprovalCreationInput/responseOptions":["Approuver","Refuser","Modifier"],"WebhookApprovalCreationInput/title":"Demande de gestion d'identité N°@{triggerOutputs()?['body/ID']}","WebhookApprovalCreationInput/assignedTo":"@{triggerOutputs()?['body/NomValidateurCourant/Email']};@{variables('varformailremplacant')}","WebhookApprovalCreationInput/details":"Bonjour M./Mme @{triggerOutputs()?['body/NomValidateurCourant/DisplayName']}\n\nLa demande de gestion des identités N°@{triggerOutputs()?['body/ID']} de M./Mme @{triggerOutputs()?['body/Demandeur/DisplayName']}  est soumise à votre attention pour validation.\n@{variables('varParametreprofil')}\n@{variables('VarApplicationMetier')}\n@{variables('VarInternetExtranet')}\n\n@{variables('VarTableau')}\n\nCordialement.","WebhookApprovalCreationInput/itemLink":"@triggerOutputs()?['body/lienUrl']","WebhookApprovalCreationInput/itemLinkDescription":"Cliquez ici pour consulter la demande","WebhookApprovalCreationInput/requestor":"@{triggerOutputs()?['body/Demandeur/Email']};","WebhookApprovalCreationInput/enableNotifications":true,"WebhookApprovalCreationInput/enableReassignment":false},"authentication":"@parameters('$authentication')"}}},"runAfter":{"Initialiser_la_variable_10":["Succeeded"]},"else":{"actions":{"Si_la_demande_est_Refuser":{"actions":{"Envoyer_un_e-mail_(V2)":{"runAfter":{},"metadata":{"operationMetadataId":"fad0f15c-4d41-456c-8d89-73fb08f9d8b6"},"type":"OpenApiConnection","inputs":{"host":{"apiId":"/providers/Microsoft.PowerApps/apis/shared_office365","connectionName":"shared_office365_1","operationId":"SendEmailV2"},"parameters":{"emailMessage/To":"@triggerOutputs()?['body/Demandeur/Email']","emailMessage/Subject":"Demande de gestion d'identité N°@{triggerOutputs()?['body/ID']}","emailMessage/Body":"<p><span style=\"font-family: arial\">Bonjour M./Mme </span><span style=\"font-family: arial\">@{triggerOutputs()?['body/Demandeur/DisplayName']}</span><span style=\"font-family: arial\">,<br>\n<br>\nVotre demande de gestion d'identité &nbsp;</span><span style=\"font-family: arial\"></span><span style=\"font-family: arial\"> N° </span><span style=\"font-family: arial\">@{triggerOutputs()?['body/ID']}</span><span style=\"font-family: arial\"> a été refusée &nbsp;par M./Mme </span><span style=\"font-family: arial\">@{triggerOutputs()?['body/Validateur_Courant/DisplayName']}</span><span style=\"font-family: arial\"><br>\n<br>\nMotif : </span><span style=\"font-family: arial\">@{triggerOutputs()?['body/Remarque_Valcourant']}</span><span style=\"font-family: arial\">.<br>\n<br>\n</span><a href=\"@{triggerOutputs()?['body/lienUrl']}\"><span style=\"font-family: arial\">Cliquez ici pour revoir votre demande</span></a><span style=\"font-family: arial\"> <br>\nCordialement.</span><br>\n</p>"},"authentication":"@parameters('$authentication')"}},"Obtenir_les_éléments_2":{"runAfter":{"Envoyer_un_e-mail_(V2)":["Succeeded"]},"metadata":{"operationMetadataId":"96fa655e-a355-49ce-8eee-975e28f78565"},"type":"OpenApiConnection","inputs":{"host":{"apiId":"/providers/Microsoft.PowerApps/apis/shared_sharepointonline","connectionName":"shared_sharepointonline_1","operationId":"GetItems"},"parameters":{"dataset":"https://sibracacam.sharepoint.com/sites/test.intranet.sabc/test_dev","table":"PRS_VALIDATION_WF_GESTION-IDENTITE","$filter":"notification eq 'YES' and refdemande eq '@{triggerOutputs()?['body/Title']}'"},"authentication":"@parameters('$authentication')"}},"Appliquer_à_chacun_14":{"foreach":"@outputs('Obtenir_les_éléments_2')?['body/value']","actions":{"Envoyer_un_e-mail_(V2)_5":{"runAfter":{},"metadata":{"operationMetadataId":"a6b72de0-7734-4b08-8db7-50370c23e899"},"type":"OpenApiConnection","inputs":{"host":{"apiId":"/providers/Microsoft.PowerApps/apis/shared_office365","connectionName":"shared_office365_1","operationId":"SendEmailV2"},"parameters":{"emailMessage/To":"@items('Appliquer_à_chacun_14')?['validateurinitial/Email']","emailMessage/Subject":"Demande de gestion d'identité N°@{triggerOutputs()?['body/ID']}","emailMessage/Body":"<p><span style=\"font-family: arial\">Bonjour M./Mme </span><span style=\"font-family: arial\">@{triggerOutputs()?['body/Demandeur/DisplayName']}</span><span style=\"font-family: arial\">,<br>\n<br>\nLa demande de gestion d'identité &nbsp;</span><span style=\"font-family: arial\"></span><span style=\"font-family: arial\"> N° </span><span style=\"font-family: arial\">@{triggerOutputs()?['body/ID']}</span><span style=\"font-family: arial\"> a été refusée &nbsp;par M./Mme </span><span style=\"font-family: arial\">@{items('Appliquer_à_chacun_14')?['validateurfinal/DisplayName']}</span><span style=\"font-family: arial\"><br>\n<br>\nMotif : </span><span style=\"font-family: arial\">@{triggerOutputs()?['body/Remarque_Valcourant']}</span><span style=\"font-family: arial\">.<br>\n<br>\n</span><a href=\"@{triggerOutputs()?['body/lienUrl']}\"><span style=\"font-family: arial\">Cliquez ici pour revoir votre demande</span></a><span style=\"font-family: arial\"> <br>\nCordialement.</span><br>\n</p>"},"authentication":"@parameters('$authentication')"}}},"runAfter":{"Obtenir_les_éléments_2":["Succeeded"]},"metadata":{"operationMetadataId":"04f1b817-12fb-424a-b23a-a47197fcfb0b"},"type":"Foreach"}},"runAfter":{},"else":{"actions":{"Si_la_demande_est_à_modifier":{"actions":{"Envoyer_un_e-mail_(V2)_2":{"runAfter":{},"metadata":{"operationMetadataId":"3c2f23da-813f-4160-ae1b-4b55036bd694"},"type":"OpenApiConnection","inputs":{"host":{"apiId":"/providers/Microsoft.PowerApps/apis/shared_office365","connectionName":"shared_office365_1","operationId":"SendEmailV2"},"parameters":{"emailMessage/To":"@triggerOutputs()?['body/Demandeur/Email']","emailMessage/Subject":"Demande de gestion d'identité N°@{triggerOutputs()?['body/ID']}","emailMessage/Body":"<p><span style=\"font-family: arial\">Bonjour M./Mme </span><span style=\"font-family: arial\">@{triggerOutputs()?['body/demandeur/DisplayName']}</span><span style=\"font-family: arial\">,<br>\n<br>\nMr/Mme  <span style=\"font-family: arial\">@{triggerOutputs()?['body/Validateur_Courant/DisplayName']}</span> souhaite que vous modifiez votre demande de gestion d'identité &nbsp;</span><span style=\"font-family: arial\"></span><span style=\"font-family: arial\"> N° </span><span style=\"font-family: arial\">@{triggerOutputs()?['body/ID']}</span><br>\n<br>\nMotif : </span><span style=\"font-family: arial\">@{triggerOutputs()?['body/Remarque_Valcourant']}</span><span style=\"font-family: arial\">.<br>\n<br>\n</span><a href=\"@{triggerOutputs()?['body/lienUrl']}\"><span style=\"font-family: arial\">Cliquez ici pour revoir votre demande</span></a><span style=\"font-family: arial\"> <br>\nCordialement.</span><br>\n</p>"},"authentication":"@parameters('$authentication')"}}},"runAfter":{},"else":{"actions":{"Condition":{"actions":{"Envoyer_un_e-mail_(V2)_3":{"runAfter":{},"metadata":{"operationMetadataId":"894fde8c-db7a-4a43-bdf8-9d3362268ff1"},"type":"OpenApiConnection","inputs":{"host":{"apiId":"/providers/Microsoft.PowerApps/apis/shared_office365","connectionName":"shared_office365_1","operationId":"SendEmailV2"},"parameters":{"emailMessage/To":"@{triggerOutputs()?['body/Demandeur/Email']};","emailMessage/Subject":"Demande de gestion d'identité N°@{triggerOutputs()?['body/ID']}","emailMessage/Body":"<p><span style=\"font-family: arial\">&nbsp;&nbsp;Bonjour M./Mme </span><span style=\"font-family: arial\">@{triggerOutputs()?['body/Demandeur/DisplayName']}</span><span style=\"font-family: arial\">, <br>\n<br>\nVotre demande de Gestion d'identité </span><span style=\"font-family: arial\"> &nbsp;N° </span><span style=\"font-family: arial\">@{triggerOutputs()?['body/ID']}</span><span style=\"font-family: arial\"> a été validée  par tous les intervenants<br>\n<br>\n</span><a href=\"@{triggerOutputs()?['body/lienUrl']}\"><span style=\"font-family: arial\">Cliquez ici pour consulter cette demande</span></a><span style=\"font-family: arial\"> &nbsp;<br>\n<br>\nCordialement.<br>\n</span></p>"},"authentication":"@parameters('$authentication')"}},"Obtenir_les_éléments":{"runAfter":{"Envoyer_un_e-mail_(V2)_3":["Succeeded"]},"metadata":{"operationMetadataId":"de969c20-ce2b-4eb5-be88-9260928e75a4"},"type":"OpenApiConnection","inputs":{"host":{"apiId":"/providers/Microsoft.PowerApps/apis/shared_sharepointonline","connectionName":"shared_sharepointonline_1","operationId":"GetItems"},"parameters":{"dataset":"https://sibracacam.sharepoint.com/sites/test.intranet.sabc/test_dev","table":"PRS_VALIDATION_WF_GESTION-IDENTITE","$filter":"notification eq 'YES' and refdemande eq '@{triggerOutputs()?['body/Title']}'"},"authentication":"@parameters('$authentication')"}}},"runAfter":{},"expression":{"equals":["@triggerOutputs()?['body/Stauts']",90]},"metadata":{"operationMetadataId":"4efcc0dd-11eb-44fa-b00b-9f9f996b8307"},"type":"If"}}},"expression":{"equals":["@triggerOutputs()?['body/Stauts']",80]},"metadata":{"operationMetadataId":"153d0bb7-2a9f-439f-b2d2-24b1fbb6193f"},"type":"If"}}},"expression":{"equals":["@triggerOutputs()?['body/Stauts']",99]},"metadata":{"operationMetadataId":"dc3439cb-23ee-44cc-8a7c-537e8f0c4e99"},"type":"If"}}},"expression":{"equals":["@triggerOutputs()?['body/Stauts']",0]},"metadata":{"operationMetadataId":"fa11b39d-6617-4287-abc1-88f29fde8d1e"},"type":"If"}}}},"schemaVersion":"1.0.0.0"}