<environmentvariabledefinition schemaname="dsi_shared_sharepointonline_8b27eb22b944446d974774d23af1d69d">
  <apiid>/providers/microsoft.powerapps/apis/shared_sharepointonline</apiid>
  <displayname default="PRS_IMPRESSION_GESTION_IDENTITE">
    <label description="PRS_IMPRESSION_GESTION_IDENTITE" languagecode="1036" />
  </displayname>
  <introducedversion>1.0.0.12</introducedversion>
  <iscustomizable>1</iscustomizable>
  <isrequired>0</isrequired>
  <parameterkey>table</parameterkey>
  <parentdefinitionid>
    <schemaname>dsi_SiteGestionIdentites</schemaname>
  </parentdefinitionid>
  <secretstore>0</secretstore>
  <type>100000004</type>
</environmentvariabledefinition>