<ImportExportXml xmlns:xsi="http://www.w3.org/2001/XMLSchema-instance">
  <Entities></Entities>
  <Roles></Roles>
  <Workflows>
    <Workflow WorkflowId="{c9ae030e-9998-ec11-b400-00224899cc4a}" Name="FLOW_GESTION_IDENTITE_CREATE_PDF">
      <JsonFileName>/Workflows/FLOW_GESTION_IDENTITE_CREATE_PDF-C9AE030E-9998-EC11-B400-00224899CC4A.json</JsonFileName>
      <Type>1</Type>
      <Subprocess>0</Subprocess>
      <Category>5</Category>
      <Mode>0</Mode>
      <Scope>4</Scope>
      <OnDemand>0</OnDemand>
      <TriggerOnCreate>0</TriggerOnCreate>
      <TriggerOnDelete>0</TriggerOnDelete>
      <AsyncAutodelete>0</AsyncAutodelete>
      <SyncWorkflowLogOnFailure>0</SyncWorkflowLogOnFailure>
      <StateCode>1</StateCode>
      <StatusCode>2</StatusCode>
      <RunAs>1</RunAs>
      <IsTransacted>1</IsTransacted>
      <IntroducedVersion>1.0.0.12</IntroducedVersion>
      <IsCustomizable>1</IsCustomizable>
      <BusinessProcessType>0</BusinessProcessType>
      <IsCustomProcessingStepAllowedForOtherPublishers>1</IsCustomProcessingStepAllowedForOtherPublishers>
      <PrimaryEntity>none</PrimaryEntity>
      <LocalizedNames>
        <LocalizedName languagecode="1036" description="FLOW_GESTION_IDENTITE_CREATE_PDF" />
      </LocalizedNames>
    </Workflow>
    <Workflow WorkflowId="{60f82ff6-3d99-ec11-b400-00224899cc4a}" Name="FLUX_TEST">
      <JsonFileName>/Workflows/FLUX_TEST-60F82FF6-3D99-EC11-B400-00224899CC4A.json</JsonFileName>
      <Type>1</Type>
      <Subprocess>0</Subprocess>
      <Category>5</Category>
      <Mode>0</Mode>
      <Scope>4</Scope>
      <OnDemand>0</OnDemand>
      <TriggerOnCreate>0</TriggerOnCreate>
      <TriggerOnDelete>0</TriggerOnDelete>
      <AsyncAutodelete>0</AsyncAutodelete>
      <SyncWorkflowLogOnFailure>0</SyncWorkflowLogOnFailure>
      <StateCode>1</StateCode>
      <StatusCode>2</StatusCode>
      <RunAs>1</RunAs>
      <IsTransacted>1</IsTransacted>
      <IntroducedVersion>1.0.0.12</IntroducedVersion>
      <IsCustomizable>1</IsCustomizable>
      <BusinessProcessType>0</BusinessProcessType>
      <IsCustomProcessingStepAllowedForOtherPublishers>1</IsCustomProcessingStepAllowedForOtherPublishers>
      <PrimaryEntity>none</PrimaryEntity>
      <LocalizedNames>
        <LocalizedName languagecode="1036" description="FLUX_TEST" />
      </LocalizedNames>
    </Workflow>
    <Workflow WorkflowId="{09806b29-4599-ec11-b400-00224899cc4a}" Name="Flux_Gestion_Identités">
      <JsonFileName>/Workflows/Flux_Gestion_Identits-09806B29-4599-EC11-B400-00224899CC4A.json</JsonFileName>
      <Type>1</Type>
      <Subprocess>0</Subprocess>
      <Category>5</Category>
      <Mode>0</Mode>
      <Scope>4</Scope>
      <OnDemand>0</OnDemand>
      <TriggerOnCreate>0</TriggerOnCreate>
      <TriggerOnDelete>0</TriggerOnDelete>
      <AsyncAutodelete>0</AsyncAutodelete>
      <SyncWorkflowLogOnFailure>0</SyncWorkflowLogOnFailure>
      <StateCode>1</StateCode>
      <StatusCode>2</StatusCode>
      <RunAs>1</RunAs>
      <IsTransacted>1</IsTransacted>
      <IntroducedVersion>1.0.0.12</IntroducedVersion>
      <IsCustomizable>1</IsCustomizable>
      <BusinessProcessType>0</BusinessProcessType>
      <IsCustomProcessingStepAllowedForOtherPublishers>1</IsCustomProcessingStepAllowedForOtherPublishers>
      <PrimaryEntity>none</PrimaryEntity>
      <LocalizedNames>
        <LocalizedName languagecode="1036" description="Flux_Gestion_Identités" />
      </LocalizedNames>
    </Workflow>
  </Workflows>
  <FieldSecurityProfiles></FieldSecurityProfiles>
  <Templates />
  <EntityMaps />
  <EntityRelationships />
  <OrganizationSettings />
  <optionsets />
  <CustomControls />
  <EntityDataProviders />
  <CanvasApps>
    <CanvasApp>
      <Name>dsi_gestiondesidentits_931b8</Name>
      <AppVersion>2022-03-02T15:11:55Z</AppVersion>
      <Status>Ready</Status>
      <CreatedByClientVersion>3.22022.23.0</CreatedByClientVersion>
      <MinClientVersion>3.22022.23.0</MinClientVersion>
      <Tags>{"primaryDeviceWidth":"1366","primaryDeviceHeight":"768","sienaVersion":"5dff865f-dc75-468e-be91-4e3be5f3022a","deviceCapabilities":"","supportsPortrait":"true","supportsLandscape":"true","primaryFormFactor":"Tablet","publisherVersion":"3.22022.23","minimumRequiredApiVersion":"2.2.0","hasComponent":"true","hasUnlockedComponent":"true","isUnifiedRootApp":"false","optimizedForTeamsMeeting":"false"}</Tags>
      <IsCdsUpgraded>0</IsCdsUpgraded>
      <GalleryItemId xsi:nil="true"></GalleryItemId>
      <BackgroundColor>rgba(230, 230, 230, 1)</BackgroundColor>
      <DisplayName>Gestion Des Identités</DisplayName>
      <Description xsi:nil="true"></Description>
      <CommitMessage>Enregistrée par Test Studio</CommitMessage>
      <Publisher xsi:nil="true"></Publisher>
      <AuthorizationReferences>[]</AuthorizationReferences>
      <ConnectionReferences>{"e08fcb0c-155c-45b5-9b17-53c38dd4b8dd":{"id":"/providers/microsoft.powerapps/apis/shared_office365users","displayName":"Utilisateurs d’Office 365","iconUri":"https://connectoricons-prod.azureedge.net/releases/v1.0.1551/1.0.1551.2693/office365users/icon.png","dataSources":["Utilisateursd’Office365"],"dependencies":[],"dependents":[],"parameterHints":{},"parameterHintsV2":{},"isOnPremiseConnection":false,"bypassConsent":false,"apiTier":"Standard","actions":["UserProfile","MyProfile","Manager","UserPhoto"],"endpoints":[]},"906588d8-e20f-4b34-8cb2-d9044dad5c24":{"id":"/providers/microsoft.powerapps/apis/shared_sharepointonline","displayName":"SharePoint","iconUri":"https://connectoricons-prod.azureedge.net/releases/v1.0.1550/1.0.1550.2686/sharepointonline/icon.png","dataSources":["PRS_SITE_VALIDATEUR_WF","GESTION DES IDENTITES","PRS_VALIDATION_WF_GESTION-IDENTITE","PRS_Direction_Service","PRS_Responsables_RH","PRS_SITE_VALIDATEUR_WF","PRS_REMPLACEMENT","GESTION DES IDENTITES","PRS_APPLICATION_GESTION_IDENTITES","PRS_VALIDATION_WF_GESTION-IDENTITE","PRS_Workflow_Processus","PRS DIRECTION SECRETAIRE","PRS_Direction_Service","PRS_APPLICATIONS_VOULUES","PRS_WF_PJ","PRS_DIRECTION_BENEF","PRS_Site_Permis","PRS_WF_DOCUMENT","PRS_SOCIETE_GESTION_IDENTITE","PRS_APPLICATION_GESTION_IDENTITES","PRS_WF_PJ","PRS DIRECTION SECRETAIRE","PRS_DIRECTION_BENEF","PRS_Direction_Service","PRS_REMPLACEMENT_CI","PRS_SITE_VALIDATEUR_WF_CI","PRS_Responsables_RH_CI","PRS_APPLICATIONS_VOULUES","PRS_Site_Permis","PRS_VALIDATION_WF_GESTION-IDENTITE","GESTION DES IDENTITES","PRS_Workflow_Processus_GI","PRS_Responsables_RH","PRS_SITE_VALIDATEUR_WF","PRS_REMPLACEMENT","PRS_Workflow_Processus","PRS_WF_DOCUMENT","PRS_WF_PJ_1","PRS_SITE_VALIDATEUR_WF_1","PRS_SITE_VALIDATEUR_WF_2","PRS_Direction_Service_1","PRS_Site_Permis_1","PRS_IMPRESSION_GESTION_IDENTITE"],"dependencies":[],"dependents":[],"parameterHints":{},"parameterHintsV2":{},"isOnPremiseConnection":false,"bypassConsent":false,"apiTier":"Standard","actions":["providers/PowerPlatform.Governance/Operations/Read"],"endpoints":[]},"6b013968-c195-4336-b9a9-62311cd80362":{"id":"/providers/microsoft.powerapps/apis/shared_logicflows","displayName":"Flux logiques","iconUri":"https://connectoricons-prod.azureedge.net/releases/v1.0.1534/1.0.1534.2605/logicflows/icon.png","dataSources":["ExportHSUPPCVS"],"dependencies":["dc5cac67-1c0a-4911-b286-8a54e15b23f5"],"dependents":[],"parameterHints":{"workflowName":{"value":"4f87f50c-e938-444d-a582-fc8198b1a570"},"workflowEntityId":{"value":"2e231bfa-d359-ec11-8f8f-000d3ab41aa7"},"dc5cac67-1c0a-4911-b286-8a54e15b23f5":{"value":"shared_onedriveforbusiness"}},"parameterHintsV2":{"workflowName":{"value":"4f87f50c-e938-444d-a582-fc8198b1a570"},"workflowEntityId":{"value":"2e231bfa-d359-ec11-8f8f-000d3ab41aa7"},"shared_onedriveforbusiness":{"value":"dc5cac67-1c0a-4911-b286-8a54e15b23f5"}},"isOnPremiseConnection":false,"bypassConsent":false,"apiTier":"Standard","actions":["Run"],"endpoints":[]},"dc5cac67-1c0a-4911-b286-8a54e15b23f5":{"id":"/providers/microsoft.powerapps/apis/shared_onedriveforbusiness","displayName":"OneDrive Entreprise","iconUri":"https://connectoricons-prod.azureedge.net/releases/v1.0.1546/1.0.1546.2665/onedriveforbusiness/icon.png","dataSources":[],"dependencies":[],"dependents":["6b013968-c195-4336-b9a9-62311cd80362"],"parameterHints":{},"parameterHintsV2":{},"isOnPremiseConnection":false,"bypassConsent":false,"apiTier":"Standard","endpoints":[]},"0b0a9da7-a037-4c4a-a816-51a36a3359d7":{"id":"/providers/microsoft.powerapps/apis/shared_sharepointonline","displayName":"SharePoint","iconUri":"https://connectoricons-prod.azureedge.net/releases/v1.0.1550/1.0.1550.2686/sharepointonline/icon.png","dataSources":["PRS_SOCIETE_GESTION_IDENTITE","PRS_SOCIETE_GESTION_IDENTITE"],"dependencies":[],"dependents":[],"parameterHints":{},"parameterHintsV2":{},"isOnPremiseConnection":false,"bypassConsent":false,"apiTier":"Standard","actions":["providers/PowerPlatform.Governance/Operations/Read"],"endpoints":[]},"024480fe-0eaf-4ff2-9bdf-9d0d83601eb4":{"id":"/providers/microsoft.powerapps/apis/shared_sharepointonline","displayName":"SharePoint","iconUri":"https://connectoricons-prod.azureedge.net/releases/v1.0.1550/1.0.1550.2686/sharepointonline/icon.png","dataSources":["PRS_IMPRESSION_GESTION_IDENTITE","PRS_IMPRESSION_GESTION_IDENTITE"],"dependencies":[],"dependents":[],"parameterHints":{},"parameterHintsV2":{},"isOnPremiseConnection":false,"bypassConsent":false,"apiTier":"Standard","actions":["providers/PowerPlatform.Governance/Operations/Read"],"endpoints":[]},"4e6df8a2-321a-4af3-8afc-c8718f34e7dc":{"id":"/providers/microsoft.powerapps/apis/shared_sharepointonline","displayName":"SharePoint","iconUri":"https://connectoricons-prod.azureedge.net/releases/v1.0.1550/1.0.1550.2686/sharepointonline/icon.png","dataSources":["PRS_REMPLACEMENT","PRS_REMPLACEMENT"],"dependencies":[],"dependents":[],"parameterHints":{},"parameterHintsV2":{},"isOnPremiseConnection":false,"bypassConsent":false,"apiTier":"Standard","actions":["providers/PowerPlatform.Governance/Operations/Read"],"endpoints":[]}}</ConnectionReferences>
      <DatabaseReferences>{}</DatabaseReferences>
      <AppComponents>[]</AppComponents>
      <AppComponentDependencies>[]</AppComponentDependencies>
      <CanConsumeAppPass>0</CanConsumeAppPass>
      <CanvasAppType>0</CanvasAppType>
      <BypassConsent>0</BypassConsent>
      <AdminControlBypassConsent>0</AdminControlBypassConsent>
      <EmbeddedApp xsi:nil="true"></EmbeddedApp>
      <IntroducedVersion>1.0</IntroducedVersion>
      <CdsDependencies>{"cdsdependencies":[]}</CdsDependencies>
      <IsCustomizable>1</IsCustomizable>
      <BackgroundImageUri>/CanvasApps/dsi_gestiondesidentits_931b8_BackgroundImageUri</BackgroundImageUri>
      <DocumentUri>/CanvasApps/dsi_gestiondesidentits_931b8_DocumentUri.msapp</DocumentUri>
    </CanvasApp>
  </CanvasApps>
  <connectionreferences>
    <connectionreference connectionreferencelogicalname="dsi_Ref_Con_OneDrive">
      <connectionreferencedisplayname>Ref_Con_OneDrive</connectionreferencedisplayname>
      <connectorid>/providers/Microsoft.PowerApps/apis/shared_onedriveforbusiness</connectorid>
      <iscustomizable>1</iscustomizable>
      <statecode>0</statecode>
      <statuscode>1</statuscode>
    </connectionreference>
    <connectionreference connectionreferencelogicalname="dsi_RefConApproval">
      <connectionreferencedisplayname>RefConApproval</connectionreferencedisplayname>
      <connectorid>/providers/Microsoft.PowerApps/apis/shared_approvals</connectorid>
      <iscustomizable>1</iscustomizable>
      <statecode>0</statecode>
      <statuscode>1</statuscode>
    </connectionreference>
    <connectionreference connectionreferencelogicalname="dsi_RefConMailOutlook">
      <connectionreferencedisplayname>RefConMailOutlook</connectionreferencedisplayname>
      <connectorid>/providers/Microsoft.PowerApps/apis/shared_office365</connectorid>
      <iscustomizable>1</iscustomizable>
      <statecode>0</statecode>
      <statuscode>1</statuscode>
    </connectionreference>
    <connectionreference connectionreferencelogicalname="dsi_RefConSP">
      <connectionreferencedisplayname>RefConSP</connectionreferencedisplayname>
      <connectorid>/providers/Microsoft.PowerApps/apis/shared_sharepointonline</connectorid>
      <iscustomizable>1</iscustomizable>
      <statecode>0</statecode>
      <statuscode>1</statuscode>
    </connectionreference>
  </connectionreferences>
  <Languages>
    <Language>1036</Language>
  </Languages>
</ImportExportXml>