<ImportExportXml version="9.2.22015.128" SolutionPackageVersion="9.2" languagecode="1036" generatedBy="CrmLive" xmlns:xsi="http://www.w3.org/2001/XMLSchema-instance">
  <SolutionManifest>
    <UniqueName>WF_Gestion_Identites</UniqueName>
    <LocalizedNames>
      <LocalizedName description="WF_Gestion_Identites" languagecode="1036" />
    </LocalizedNames>
    <Descriptions />
    <Version>1.0.0.13</Version>
    <Managed>1</Managed>
    <Publisher>
      <UniqueName>EquipeSoftware</UniqueName>
      <LocalizedNames>
        <LocalizedName description="SABC" languagecode="1036" />
      </LocalizedNames>
      <Descriptions />
      <EMailAddress xsi:nil="true"></EMailAddress>
      <SupportingWebsiteUrl xsi:nil="true"></SupportingWebsiteUrl>
      <CustomizationPrefix>dsi</CustomizationPrefix>
      <CustomizationOptionValuePrefix>77994</CustomizationOptionValuePrefix>
      <Addresses>
        <Address>
          <AddressNumber>1</AddressNumber>
          <AddressTypeCode>1</AddressTypeCode>
          <City xsi:nil="true"></City>
          <County xsi:nil="true"></County>
          <Country xsi:nil="true"></Country>
          <Fax xsi:nil="true"></Fax>
          <FreightTermsCode xsi:nil="true"></FreightTermsCode>
          <ImportSequenceNumber xsi:nil="true"></ImportSequenceNumber>
          <Latitude xsi:nil="true"></Latitude>
          <Line1 xsi:nil="true"></Line1>
          <Line2 xsi:nil="true"></Line2>
          <Line3 xsi:nil="true"></Line3>
          <Longitude xsi:nil="true"></Longitude>
          <Name xsi:nil="true"></Name>
          <PostalCode xsi:nil="true"></PostalCode>
          <PostOfficeBox xsi:nil="true"></PostOfficeBox>
          <PrimaryContactName xsi:nil="true"></PrimaryContactName>
          <ShippingMethodCode>1</ShippingMethodCode>
          <StateOrProvince xsi:nil="true"></StateOrProvince>
          <Telephone1 xsi:nil="true"></Telephone1>
          <Telephone2 xsi:nil="true"></Telephone2>
          <Telephone3 xsi:nil="true"></Telephone3>
          <TimeZoneRuleVersionNumber xsi:nil="true"></TimeZoneRuleVersionNumber>
          <UPSZone xsi:nil="true"></UPSZone>
          <UTCOffset xsi:nil="true"></UTCOffset>
          <UTCConversionTimeZoneCode xsi:nil="true"></UTCConversionTimeZoneCode>
        </Address>
        <Address>
          <AddressNumber>2</AddressNumber>
          <AddressTypeCode>1</AddressTypeCode>
          <City xsi:nil="true"></City>
          <County xsi:nil="true"></County>
          <Country xsi:nil="true"></Country>
          <Fax xsi:nil="true"></Fax>
          <FreightTermsCode xsi:nil="true"></FreightTermsCode>
          <ImportSequenceNumber xsi:nil="true"></ImportSequenceNumber>
          <Latitude xsi:nil="true"></Latitude>
          <Line1 xsi:nil="true"></Line1>
          <Line2 xsi:nil="true"></Line2>
          <Line3 xsi:nil="true"></Line3>
          <Longitude xsi:nil="true"></Longitude>
          <Name xsi:nil="true"></Name>
          <PostalCode xsi:nil="true"></PostalCode>
          <PostOfficeBox xsi:nil="true"></PostOfficeBox>
          <PrimaryContactName xsi:nil="true"></PrimaryContactName>
          <ShippingMethodCode>1</ShippingMethodCode>
          <StateOrProvince xsi:nil="true"></StateOrProvince>
          <Telephone1 xsi:nil="true"></Telephone1>
          <Telephone2 xsi:nil="true"></Telephone2>
          <Telephone3 xsi:nil="true"></Telephone3>
          <TimeZoneRuleVersionNumber xsi:nil="true"></TimeZoneRuleVersionNumber>
          <UPSZone xsi:nil="true"></UPSZone>
          <UTCOffset xsi:nil="true"></UTCOffset>
          <UTCConversionTimeZoneCode xsi:nil="true"></UTCConversionTimeZoneCode>
        </Address>
      </Addresses>
    </Publisher>
    <RootComponents>
      <RootComponent type="29" id="{09806b29-4599-ec11-b400-00224899cc4a}" behavior="0" />
      <RootComponent type="29" id="{60f82ff6-3d99-ec11-b400-00224899cc4a}" behavior="0" />
      <RootComponent type="29" id="{c9ae030e-9998-ec11-b400-00224899cc4a}" behavior="0" />
      <RootComponent type="300" schemaName="dsi_gestiondesidentits_931b8" behavior="0" />
    </RootComponents>
    <MissingDependencies>
      <MissingDependency>
        <Required type="EnvironmentVariableDefinition" displayName="dsi_site_interets" solution="Active" id.schemaname="dsi_site_interets" />
        <Dependent type="EnvironmentVariableDefinition" displayName="dsi_shared_sharepointonline_6c4c485f5c2445cf8993d3fc50825dd9" id.schemaname="dsi_shared_sharepointonline_6c4c485f5c2445cf8993d3fc50825dd9" />
      </MissingDependency>
      <MissingDependency>
        <Required type="EnvironmentVariableDefinition" displayName="dsi_site_interets" solution="Active" id.schemaname="dsi_site_interets" />
        <Dependent type="EnvironmentVariableDefinition" displayName="dsi_shared_sharepointonline_78d8bede9be6446b8a9c36b6901b4b37" id.schemaname="dsi_shared_sharepointonline_78d8bede9be6446b8a9c36b6901b4b37" />
      </MissingDependency>
      <MissingDependency>
        <Required type="EnvironmentVariableDefinition" displayName="dsi_site_interets" solution="Active" id.schemaname="dsi_site_interets" />
        <Dependent type="EnvironmentVariableDefinition" displayName="dsi_shared_sharepointonline_de38b113c2184fa2b0b5f687ad6e8494" id.schemaname="dsi_shared_sharepointonline_de38b113c2184fa2b0b5f687ad6e8494" />
      </MissingDependency>
      <MissingDependency>
        <Required type="EnvironmentVariableDefinition" displayName="dsi_site_interets" solution="Active" id.schemaname="dsi_site_interets" />
        <Dependent type="EnvironmentVariableDefinition" displayName="dsi_shared_sharepointonline_fc57c90e1c35490a81f5ccc28068f5a9" id.schemaname="dsi_shared_sharepointonline_fc57c90e1c35490a81f5ccc28068f5a9" />
      </MissingDependency>
    </MissingDependencies>
  </SolutionManifest>
</ImportExportXml>